price,area,floor
1570516.49,174.38317118046788,16
933869.04,139.11439804267818,14
1731336.05,86.72821207905739,3
1424999.26,161.851250099045,4
278936.96,62.67213435156079,18
1953682.47,166.16267516731745,18
1546165.43,138.49778333645202,17
1593522.18,66.61254775946024,5
343415.9,61.92583446385554,16
955733.28,162.62545001546937,2
804516.25,93.94038597557557,5
1860853.48,183.395277615082,15
1323343.73,164.3109531545264,19
1663247.07,154.7285367076574,20
942486.98,91.79090789501764,30
531753.57,156.3416778532427,26
1153711.1,192.2221526772251,12
221252.79,63.73397515558534,24
862554.73,98.92439630053492,3
1300162.36,85.20083981923912,26
1540366.71,108.9875201601,12
773599.34,161.34989822809194,23
1944326.25,121.13638721380798,30
1796930.13,135.60959091803693,22
1578928.64,97.12323321175136,28
469813.54,71.19339006306508,1
986769.91,90.04004734065927,6
183227.15,178.95204518629805,19
393150.03,140.36254432301155,17
1397793.01,106.69830097958506,4
1515048.1,168.4858972603381,22
1938268.49,59.66861486823632,2
719068.18,88.08366318835786,30
803873.44,84.5154731086009,5
992156.04,197.80468432523327,14
459995.58,155.91478735891403,25
346850.86,142.66789045828313,16
1003839.36,50.74774479417093,23
531127.76,77.64650031347861,22
1372646.59,145.33119394596173,29
930588.65,106.95789897224986,14
1682088.57,188.64205755185912,30
1430503.69,164.7086328712637,16
693496.62,117.107610920618,27
1681293.62,162.42724663074057,22
1629052.28,196.31064857393324,4
836208.92,119.1471237052206,20
647823.4,146.37888318328,27
1396741.46,187.79969225919427,4
365529.72,87.301199305426,26
479825.58,182.9836870499417,4
113988.31,64.6317060159474,27
1595156.32,147.26722558814697,24
1363216.63,167.42572325836767,5
1439814.22,142.1909328878639,22
1583385.16,124.33022062288146,4
971939.97,142.6020649888529,18
687186.63,72.74955631691668,28
365614.3,82.33560654953276,7
317607.14,90.4849015934513,6
1369965.63,139.6669010945057,13
995082.79,116.28516106176058,12
460221.19,86.67137637287593,2
1005433.46,182.42139982168703,14
1305964.81,106.08827604398353,8
1151800.86,116.90475788448369,4
1162493.61,111.45516148234918,9
677505.19,77.29144329151289,1
158553.89,159.744052314535,28
929763.04,117.2687393403287,30
507710.88,52.43856648390776,12
876204.42,194.60205535396955,27
1721465.84,172.36454173931205,14
544485.02,158.5339031137705,28
210775.21,180.36378057777927,6
634629.39,186.02108804083247,9
1294488.49,100.6234559576658,23
1357641.38,141.64380176250478,7
1158361.09,141.32117138083913,25
1589406.6,90.09495032158956,13
1362195.73,83.29283771706008,13
872135.04,67.0860882228533,14
1646638.73,148.8971293874679,24
417248.55,167.137848654617,1
143152.94,164.14294692755055,23
271090.94,97.44130657774616,24
1472482.77,80.78897756978034,25
977566.74,118.04212676819328,30
406416.38,132.0220190360766,24
1051985.07,187.86306919528337,16
389393.0,181.2234731411081,14
1423008.71,187.4087496952741,12
947696.92,177.53935777039695,25
823940.33,194.68718066544668,12
672872.97,119.82499957535862,18
1297536.93,57.12102461496416,3
787443.96,62.534304822271736,10
266534.85,108.54142126585148,8
324211.21,88.6530636909496,14
1927605.56,75.49108870416009,16
1826303.31,192.9805661762973,22
1429443.55,79.31293826159337,13
605152.93,193.90689084728464,5
671927.64,164.12582604818107,17
1579626.72,146.14185081878352,2
1462091.36,151.40284401340676,26
953786.85,99.7211485488686,24
617258.97,146.9640557087423,7
283142.83,78.0038177421898,8
1375152.87,190.6558148803969,1
965974.95,95.26900099408904,11
998046.37,88.27797684403131,2
681317.59,156.67441972912363,29
1200517.18,148.4673077099273,5
435868.29,117.6948377514958,20
1727567.14,144.86693520361794,18
1541187.11,73.92396076412842,8
1466979.62,150.99924611029326,25
920976.78,90.59160427927908,4
1291886.8,90.9253965014686,27
709932.4,74.32699024156769,23
1334708.54,99.85657025542469,20
260444.21,99.68765904669922,27
890034.06,118.1268517553404,13
179066.93,78.56292569995242,9
1038582.56,78.95113042381494,5
726736.3,131.26078574948426,28
374595.96,69.33161070057128,13
296465.64,153.33455119832527,25
1216524.69,191.59206887938947,10
424126.64,114.01934324965671,29
1857728.22,185.1657969726016,27
1204016.17,64.74748866887967,10
759052.63,56.44364410634668,15
1222739.43,158.205331627076,24
143327.35,164.15323594722446,7
996238.48,176.4587361448627,1
1016376.53,58.52265175999722,9
1587196.93,166.53605824352456,18
257187.0,106.48080991948729,5
1024650.83,95.50064490232978,11
1032343.29,75.95358820149454,28
804201.45,199.40236326537905,3
1186283.3,59.54953839782954,2
999629.86,174.05120219119993,13
607253.76,145.92416532357913,1
729981.09,160.26206663928008,1
1089277.56,156.75756798826944,6
933931.77,178.76517276097738,4
141062.95,77.56881047841625,25
920312.86,50.123692525202806,4
1802705.47,139.7792733564899,16
366473.27,103.07879589850008,22
1152668.67,68.56809966757065,19
306293.91,77.92081311563582,20
1377256.18,99.76239686888344,11
634344.19,60.53500563300548,27
1352903.01,58.53698031926763,3
967877.16,187.40393822486664,4
1560430.23,96.81541240305444,26
304707.8,197.33460462103773,3
440242.34,194.65505124956,6
537406.58,71.38569234906707,6
171083.86,157.23864543442863,1
446006.45,140.12073336906036,4
804752.34,153.59706096577304,18
1676600.51,64.42865000217122,20
1635677.8,78.2840117951837,3
702563.9,61.49579921763223,29
1910508.85,140.6201307825607,3
652743.89,197.98866137736368,21
1078608.55,150.7976806486912,25
586333.67,156.61423025328946,16
1878482.78,197.68775623149216,15
412754.85,151.7017331257694,4
185330.18,56.02723589427055,8
926684.41,180.05084012848965,26
1985513.57,104.70174355681944,11
1794186.81,50.654543227207306,2
1522355.24,126.08512663412309,22
1792505.73,190.5522501314396,21
1797548.62,88.59960307924749,2
1085830.88,123.726975957926,2
700265.2,76.06653316735861,4
1566823.62,58.65390074996601,2
1357156.4,62.08174200696698,19
809949.68,159.05163589420332,4
279486.67,179.61117061132236,19
1518900.26,71.49482588787366,6
598674.98,93.24778517157031,30
1879944.99,79.2544201467241,22
557844.09,54.02836653896419,12
333240.07,133.01470548304752,13
1679114.08,154.98832552064715,2
391240.2,147.18162213276057,2
440609.79,108.20803209533716,17
1238827.3,133.2515368909858,1
1761667.88,64.1148959954337,20
473225.86,73.14555780840267,12
689614.98,189.7691929329475,5
1577069.19,164.22616217298452,17
1946470.21,188.4108643737751,17
1051408.25,187.50204267490508,23
373405.25,147.40889256616111,6
126478.95,189.2357972168248,17
536346.46,112.50561546236948,26
350462.21,50.54243671774114,9
1387551.48,59.38566737692391,26
331481.76,66.42309885512228,22
1062026.87,64.30301797742904,13
1419098.63,102.75535862753952,27
1204121.56,155.19062106640365,30
479573.74,168.59732099007425,8
1627836.6,138.53199115169372,30
1459273.55,71.96542618354692,1
1504069.61,162.1852403222263,4
349009.73,103.22028787063984,2
335132.23,51.94900230076944,12
1862368.85,92.0882930799124,29
855398.57,99.59008312114668,19
671802.51,91.13683028271544,19
1028309.69,171.78052297813784,3
1359442.0,163.98895963911357,16
1915684.19,154.33280456189624,12
1420639.18,70.85076177683979,15
210708.84,171.17508645594228,8
147233.03,151.57639424949855,7
1154876.28,79.22565297220878,29
1304552.71,147.21408954222744,17
301205.07,122.52674615055216,13
366645.23,115.90250927843375,3
896317.21,66.81847452085833,23
1935840.63,127.7456413767748,15
1232480.85,64.98977134585455,12
1872744.12,74.63800808814,21
1628285.74,69.88194714121441,4
988025.04,193.1162418605012,16
1591050.55,92.72970356658352,26
133889.89,103.28064853940116,14
307373.59,98.3120909444054,1
1675914.37,184.7375667767216,7
1613952.47,134.44488670023327,2
542017.41,187.87398483999675,16
1108462.22,94.98873587418431,11
1251430.06,67.22520116479234,4
1748704.01,133.4327679086262,21
1245903.6,101.83054876850262,6
883885.98,170.28602502361224,11
810949.68,181.9135113367488,30
909175.96,120.88602663606076,2
1338668.95,195.70385361282624,8
1748232.2,132.95195095166088,10
962404.08,90.63805900794688,16
570895.17,123.34632730164118,8
549658.49,55.59654386043914,30
1410443.32,170.60017403946011,1
1651480.65,65.21525762816314,29
300028.35,96.31227327545074,17
226461.83,134.7974820507415,2
1229423.96,56.44626884703483,4
377729.16,61.89753487721724,4
1666861.96,154.4174536419519,9
689635.88,60.76656395911531,10
373356.67,121.56242993710649,20
1849843.9,100.80434501311257,10
414510.27,84.21191119346247,22
640968.16,78.31683467954981,9
391865.45,164.5116940598869,8
319431.12,192.7313289725424,9
140181.23,71.02696133049976,10
205251.28,193.95218287611905,26
431818.79,139.21437552126557,8
201425.67,146.24906080448858,9
1223173.25,156.4889567213873,29
1393357.6,155.61783355318715,20
847897.87,172.97166622785323,6
704183.08,122.52029770215462,27
1058599.85,130.00378812720515,6
1762509.39,98.57405036951238,5
1717150.09,65.78863906746756,14
182602.62,149.69602863893286,21
444846.98,55.04149537793764,6
718822.51,91.34525766250523,23
573836.39,64.13447966691504,5
1414771.71,78.6090735984077,24
890898.61,145.8096369346071,3
193582.83,144.27149453073773,14
809866.86,113.15823694935682,20
725803.48,63.52579647342368,8
293176.62,115.00608746891126,19
1683571.25,102.91173077874402,21
198727.55,158.06887292839247,20
1857199.55,136.85399122985774,12
288314.97,123.73486510054984,24
1702792.41,123.04731234574928,22
1815040.97,194.9445330890628,10
1961184.29,163.44413325551756,23
1623849.17,124.54693406901916,28
475584.9,121.88339193334664,25
1320718.22,53.97186519574452,22
1580093.07,191.376389497971,23
355649.2,97.87609576509944,25
1297387.25,88.39086228211156,9
1077023.45,199.9113388081507,22
1729387.07,157.80345072567866,6
979318.79,57.1045659948932,11
831670.04,59.28282155383647,29
1315170.22,53.82523459402968,9
606280.3,139.94283492693037,26
365559.98,60.73467500929277,13
1007966.82,190.0082535267396,7
892089.8,190.5359810034017,3
541882.89,131.90811001221198,17
798272.44,142.4958397093926,14
796145.65,93.78416022878748,16
722241.57,59.595881361241,2
820981.75,160.61906677877232,9
1402912.36,65.26789831235261,1
664065.3,62.83364615275897,10
332338.64,96.68346638063358,28
1841061.24,51.86984897568231,5
1013729.81,115.1053423634474,21
723886.29,156.1521365120115,1
1117326.1,170.20233971329085,17
1712264.93,140.6460955698382,28
1339915.95,177.03113046708688,11
1628344.47,110.97533056506654,6
1334654.1,177.3158127590715,18
1302543.5,125.9709965747569,9
647495.67,83.4554191997443,27
1496297.01,191.6218469990699,26
484568.73,91.24563107556747,20
1420116.44,53.93022262816897,20
1251942.69,86.40110644325404,19
350995.39,105.00313418861415,23
1267321.51,102.7024524933896,14
280681.92,128.70012641653574,30
879645.79,182.4690323053885,11
260537.12,93.85073406645486,1
1878285.66,128.11559119387533,21
361075.07,101.0208430532719,20
1921872.47,173.26595890598009,30
1621679.93,73.64022699327175,12
343412.97,65.52654024650877,13
1586985.8,125.44928798564028,17
1610718.19,150.7831378648238,12
1897451.42,169.32878016361497,24
178183.27,138.44372793579743,13
1221144.2,166.07746419785008,24
280593.48,108.90650878413857,13
1270714.83,54.93015053997035,7
425453.48,67.41489618523349,30
1173406.16,55.80839018434943,16
1187617.98,99.3415475714739,22
985371.79,124.32370119030234,18
1093000.37,103.4476225485409,11
1551454.44,134.08992125995883,30
828701.04,122.09137227391815,12
1035091.11,151.69142027959106,30
1239227.54,150.0443245345109,13
1869348.85,97.70962206630192,1
327493.82,101.93216830416372,2
322496.78,137.7721732461955,30
266647.12,139.46487018362626,16
1349940.24,97.20498704556996,12
895355.77,99.54768286631378,25
1571210.69,154.10675197792204,19
1375339.69,147.11162343141044,20
733911.74,70.2576207019662,21
859763.53,116.156281951309,6
179508.0,183.9059118065885,3
1381597.02,55.445851415671285,22
791964.83,178.27459197263204,1
697435.96,74.47672355962155,22
399462.13,126.0872948692574,4
380788.41,113.65046433845173,8
804355.26,51.51940060121882,22
932017.67,187.3095405634448,19
828307.66,118.23878410014584,24
1486402.85,193.14024151409225,19
1150686.82,93.01158514688268,2
1253120.66,179.94136601239586,26
1582572.84,188.35843609934457,7
1010802.17,133.5248624556171,5
815083.0,80.40166818015763,27
1974599.94,152.787114815858,6
1463744.45,132.34670997941902,17
1907269.85,191.6794498778939,15
325109.3,115.89080927157376,24
1716013.99,90.2770471459733,2
1310440.38,70.74305022411608,4
331651.19,154.79503530300192,13
1217690.2,196.1164428470873,15
1403583.09,54.25156558570977,24
123375.1,161.06680321671902,19
963204.13,189.03955438395,5
1668259.07,61.2172301341024,30
661182.15,66.52550676591997,14
971241.36,153.7935647674563,29
940396.84,147.19450638436825,30
673662.04,60.324112297436855,2
1845039.6,175.16341282267348,16
1584458.67,128.51357717673386,13
310117.98,186.07960600049188,15
1994365.85,181.6986321489057,10
1770480.05,171.87616535752488,17
639426.03,127.3848344366632,15
1690103.5,87.75659626241483,6
302197.11,125.89632558666987,9
1998298.99,65.121706670267,5
1364801.0,148.82692227101393,26
1335237.53,70.09658288435114,21
271837.38,126.67594437510846,12
1804363.46,58.15729612502267,12
155099.06,94.92687354119688,3
1342878.2,84.81206910046816,9
371741.56,143.00473140675058,28
1396684.1,168.0180068033763,1
476588.03,58.59544318107892,5
241097.1,177.54255277330765,26
1346911.17,179.11515424319066,16
168709.15,101.3403611432034,1
110316.68,148.8506098955483,15
198150.04,110.39195475551745,23
1251257.84,73.12863232844472,11
683830.05,129.29936278446655,12
553250.36,62.953951175239496,19
1713876.8,181.7708233093982,18
208740.69,188.64346391144127,28
247733.92,173.24197055171055,8
924710.01,134.3792181133968,9
1567005.96,133.63978866881826,5
1426429.49,197.69110649013948,20
899365.14,87.18525347467744,17
176287.47,61.39225488578112,11
1308123.04,134.29113854017666,21
337354.99,99.31783967151549,12
1058608.88,98.35081592120665,6
459748.09,51.06280312549221,17
1297022.5,139.43591143218993,14
1717149.09,89.60505534134211,13
394904.69,78.17878222890215,14
1495780.07,56.06478970895056,28
466778.83,104.6542364713417,7
420260.79,181.8453308579686,9
1448818.92,100.50062113960584,17
1962389.09,151.86113151793904,2
1261932.85,163.4820445102861,5
203550.6,99.21512137852994,17
1270987.04,173.2461102518062,16
180466.05,153.78194895004236,20
1779876.85,133.88633430514273,4
1012014.28,50.148869607594335,26
428942.91,55.263614888421216,15
274269.91,198.6298766159095,5
448713.13,167.3425885255339,10
1962051.64,190.63478881594204,7
971265.22,185.3454807377041,14
1589753.8,53.06644747141262,15
1309175.85,168.77709346866106,14
1187584.98,117.6718616016732,14
375747.48,168.43373060009836,28
1897446.46,51.00736762450777,29
672551.0,93.22989518008464,15
1198232.71,162.6985663686953,29
1429574.29,168.95311829023848,25
1333542.99,142.9571901821936,25
810781.61,95.18842841693956,7
382034.08,96.55438869317943,14
1065870.2,195.0145945463049,11
867665.34,115.88182688513068,3
1000920.59,117.06883253657556,3
326513.3,132.8499125361049,19
354779.76,111.42535052965832,13
328311.87,132.90073468961214,25
678938.75,114.85031341513368,21
913016.11,174.007237940328,3
1260876.34,186.3576529697426,26
1305795.32,189.81653897230424,15
882440.7,134.644430874408,17
876687.91,116.3222836196743,29
513494.2,155.78600881877568,20
271167.54,175.748538694386,1
702377.73,134.44733630995657,6
168513.69,154.9971532733392,13
894960.08,162.4594026081872,2
1000852.08,151.459066507593,6
528626.45,161.92003335939643,24
283348.54,81.29679988339976,5
1174966.61,124.75618205326964,6
1433804.14,138.24028319076308,16
1331102.12,50.37168962855346,3
1339622.81,178.3943763220523,8
700806.89,141.50367626673682,29
1596121.22,69.37044975473049,19
672640.95,172.45356088637408,29
919694.57,157.55854496608168,11
1289423.71,163.74493151954556,19
785248.94,108.80636927927844,8
772343.5,178.1303760042488,12
1391022.99,112.10413731985436,6
1784165.48,135.5763729418387,25
104602.47,50.096345554981056,6
1056902.56,146.7309672016793,7
1088522.72,157.7263688191905,14
1289549.24,135.06640482331886,13
697456.31,124.4838225565424,10
1691026.49,171.49047105675623,11
1038869.13,152.2059075747863,9
320127.78,91.71110595800344,28
236912.38,193.8610007119979,18
1699787.1,156.0900791293011,28
205579.04,198.1908393368637,30
451318.73,195.68919744033025,20
734847.08,187.83645842151347,25
428689.45,163.30573118379613,4
696397.4,141.41440527454512,29
1511115.88,75.82559955243863,15
127897.4,131.50271261356366,22
920914.75,164.80647835914908,8
204187.03,128.12857380583517,3
807296.99,180.23586926084863,27
391864.51,66.44838487875474,14
1241596.78,107.1410522072951,5
327377.86,125.8946627890486,20
793346.79,114.8487943803662,2
1921015.44,66.28798217323296,14
1991382.5,73.02924410669458,22
1566999.29,175.64259392832307,22
690826.87,122.65763888021765,14
1406563.59,57.308364012909145,12
1440272.09,52.47368884664749,26
836899.22,121.021310299149,6
1317688.41,74.65680888866655,3
120382.53,155.76889189988327,5
497209.55,169.2985193791627,25
1097667.78,84.24450626856583,15
411127.48,138.82654173226712,2
415223.05,73.1666965228079,6
1688978.15,95.53739773915804,1
1979352.71,183.319324127215,25
199890.43,131.6147137223466,14
1694232.49,182.88330427163,3
1981611.16,83.78717062692604,7
369032.19,99.5036514872999,19
951666.67,120.64282076852255,18
845888.16,122.01201127918144,25
252093.64,199.64719507755507,1
1535127.33,67.16679784566952,3
924180.15,177.79475534023862,2
991721.17,179.55230591328052,12
386278.65,132.97979473066812,22
443760.64,101.60557523887306,20
1823496.88,127.88391564324442,7
184833.27,93.87015572098456,20
542419.34,169.8661172659909,20
654912.73,124.74187380654952,6
1031375.33,188.8763268316176,23
1214245.83,143.4037016534066,13
1037250.95,127.1478999672025,2
259819.14,156.66040309664783,12
562968.16,125.58994466453514,24
1702817.93,185.67595256291708,21
1311418.53,77.66689413302619,9
1333383.2,196.00230256188584,23
1373386.19,171.8285827776788,12
1549515.74,179.11000427973045,14
210406.12,122.43617485566068,3
796555.93,175.5802324006396,30
1125102.13,96.01611253658078,26
743067.32,164.29222678462628,6
1704509.86,71.06752375835339,17
1016887.77,96.0577873943763,24
1361247.74,116.85989950395992,16
1718829.48,98.34795772151328,7
1059103.82,108.05256734362754,30
1828149.26,173.0157117175547,9
1215535.49,88.50138382132513,11
1715521.17,161.79217582318583,12
747122.51,61.056810366747776,27
1047752.22,164.8608661272591,16
1109680.98,168.80348642446594,22
299461.46,110.2548163253723,28
857249.76,158.3716734751206,28
1842941.58,187.2707605617649,26
1298581.26,170.10694603317904,28
437262.51,108.56697655954396,29
743825.71,122.63202714200966,30
464045.72,166.9036317178708,20
147163.95,93.88918847736852,4
1862174.87,170.58241104633103,4
951593.92,99.21067138414116,24
684316.64,170.8985873578307,10
1237106.66,63.0200665026085,25
113897.47,56.65959453658852,29
416609.9,199.6513171054733,20
1435763.58,180.41856848520337,23
1304162.57,182.42712551993057,9
1965431.3,192.69199214099265,14
1278679.65,115.74744641217318,29
1007261.16,93.02533320202284,25
823781.16,69.50374925268545,7
1257558.78,125.18137003076968,29
900025.09,83.00724807149118,15
1930101.32,190.332628510898,26
1585809.82,50.60047436641686,16
1746922.73,71.47951066146824,19
316797.74,86.97137796251403,5
1491585.66,79.84350673897926,11
936168.53,83.86676548695655,22
1150897.22,148.40714075917677,26
1342794.58,99.12681174697238,3
1942648.72,142.253657285506,3
1970698.35,183.53869004694369,21
647633.67,140.3835148288553,14
1494131.65,154.17991869295722,26
1524968.72,104.8254947332036,3
758336.44,73.96077014340638,11
335352.57,98.08760936748592,2
177799.22,194.6423973056162,22
1576951.94,143.27170766797056,26
1030429.51,91.62666791510227,5
1972526.32,117.63729007431556,10
983449.57,175.32695561464914,26
1958042.26,150.266535605866,2
881994.4,134.09792610937524,29
1607996.09,182.77443149507616,27
261156.62,150.86593583251857,5
1155377.25,146.4094596186643,5
1623913.6,78.46522058161523,21
1856933.17,65.95830245186117,1
1662907.87,194.7713175586099,16
170244.38,139.8287555150529,2
808134.45,112.35251137196435,16
192527.1,138.35312313653264,11
307636.35,59.27179416075731,22
1383080.69,173.31909108561604,27
1455190.57,82.4968303346504,15
1570069.3,170.68190094769204,20
1744367.44,130.1567664895416,19
1504919.79,91.48580204853542,30
314900.47,54.53149223631057,7
193031.05,172.37500329899086,8
545616.79,76.469021220396,12
1281605.77,57.77076734598101,23
1730438.08,163.38165962388211,26
108550.24,102.5064833559468,9
1077795.75,108.4001008387475,4
1386846.06,87.06013809210785,19
156253.85,178.87677180453457,18
862575.56,94.5994289159798,12
1801706.27,81.52888546265358,6
1376064.34,96.38745895042342,26
551550.89,80.47243627510954,26
1720284.15,97.64828312078112,23
761259.7,62.44043343022595,18
1721354.88,73.77950436791875,8
667992.94,112.5579325094222,13
311313.72,181.92002833848144,3
854186.13,58.59361200834287,8
622167.6,81.9012060140046,14
1784459.37,186.25185133123944,14
456428.0,183.50220112398824,3
261142.02,151.9176249943912,29
749661.18,86.0710331142857,9
1463514.38,112.97158415836786,16
473123.71,81.68314916569476,14
1997612.4,69.28827636878049,15
663087.91,106.99975917708372,26
875089.71,136.37324076055253,23
359960.43,103.9899013197208,27
1192256.67,141.62368256989546,12
203351.35,94.43821030689584,8
319887.26,101.87757916411854,13
1242734.35,168.60103874669144,17
845501.28,181.7472096340787,11
701209.21,98.3051122296578,14
1044141.53,135.72737020179142,5
355297.14,91.7243425838402,18
794219.08,58.00019625611413,22
227616.67,160.67857720406118,16
483760.17,75.65052248542256,27
133570.68,113.85687856203756,30
961231.84,123.05682400687353,28
1305626.5,77.67073762686589,3
752255.68,64.18330259950943,27
898725.37,102.2019522006606,11
1275372.77,192.84288613254776,14
1528729.93,142.2703384982632,13
1127627.61,107.21153426043536,9
640627.66,55.83662311613224,27
1804293.92,140.04099220866226,20
546684.52,63.83864614030589,30
718151.19,131.38161065712893,29
1827223.15,162.79257624076143,13
1000386.94,113.53780224421794,22
1510404.1,94.91172422247864,16
1222415.11,57.10763507263979,15
1341534.5,53.71668127423952,23
129905.25,114.50398544682818,21
558606.92,182.5017906054452,28
712735.46,86.60941681897856,24
395338.97,136.1083258672732,19
1761197.29,152.64587295196426,28
638169.17,59.124480125204215,4
1166829.85,72.96505637050657,23
1604751.41,99.69151901293506,12
1589265.81,150.51397612228556,13
932933.89,115.85526683421452,24
1004888.89,160.12926023273678,9
1989933.32,180.13967983597888,27
1381735.21,163.75584148978143,15
1647813.04,198.83708109698736,11
301713.22,163.15416030974745,10
1596420.69,177.8268792511176,13
451840.76,174.85495376975013,29
1168124.39,159.53986434200698,4
293598.9,170.27027249838358,16
1340552.04,190.20248418011155,26
1915163.91,121.2811067789439,15
1074190.92,145.74305358688153,17
922647.74,127.2409582359159,11
168101.23,177.65554807881097,5
1923571.59,114.70394043072608,20
295705.1,172.95901567170995,28
178050.28,169.90318625857083,16
567526.56,194.2829152052886,13
224507.82,87.33810488861282,4
964723.9,156.44292648288683,29
1080566.82,163.53792464712294,27
693882.9,190.44177392069983,28
196824.92,186.03536270832967,11
312040.7,136.02887925626726,19
830558.32,136.872977879597,13
215004.06,75.0936842606344,8
1426560.48,196.24440536356568,7
493339.03,88.25261940551403,12
673935.98,158.71043276769382,17
848838.98,169.36925072079686,4
891558.3,116.18232569170716,22
103155.34,81.6790580043587,14
312933.7,78.34405763295301,27
1407205.31,178.47440013523877,9
102342.82,126.61347301227724,2
1065517.98,63.52054730574,10
1030053.81,157.5529209144333,30
732878.91,87.52565792075444,10
919521.34,181.4592126126319,22
1583104.16,96.43576790449627,26
1698287.04,80.04062451352146,9
594662.23,62.72876653324015,20
712731.84,126.72967049564711,7
560717.42,117.6106381727431,11
1011740.46,162.69682169047144,9
1398190.88,119.69038807895544,21
533680.46,101.57239533865568,27
728397.91,89.24823734494161,8
1867730.77,91.72201182049568,9
192281.65,189.1771852741721,25
975462.25,74.76179031317184,14
1451960.28,198.2264636835725,16
385862.62,99.03791827883371,22
190010.64,63.258535312624616,5
362590.21,87.30355711817975,27
1845764.07,58.762156933192806,11
117593.59,168.50446537458737,20
457811.75,126.88293688116582,13
159438.67,100.54799283002014,23
310195.99,149.30744069473437,19
1278283.64,144.59697889254804,6
350707.37,190.9808133841385,6
1181502.9,194.1890775122569,27
1221371.23,152.1025663498108,16
712705.13,172.6723890866253,9
109008.65,168.86376505027678,5
1721401.97,123.69552990498497,4
1276326.26,155.66874320501253,28
409212.62,61.73885115253553,30
1568581.04,163.70316247254604,12
1725433.93,194.2749510788552,7
583100.62,62.74621296886077,13
1845707.99,175.4173676887782,5
963469.12,189.94700399739068,17
1246506.46,83.92833347030931,19
896186.79,128.72167814138055,30
786918.55,189.17873381944827,10
1645002.76,194.0339006784452,6
704958.32,69.18235765284746,5
1356756.71,102.3506338333176,12
1241394.45,154.7216961726285,19
511075.82,83.23377490788954,2
886649.58,98.71559429517212,23
703507.71,53.49365900070399,14
248405.95,73.02825213967984,24
156686.06,134.3494241626616,14
758309.45,147.9635099456274,5
136164.88,147.33677466437553,1
414426.74,166.75407061673252,17
1477848.31,112.29221206081873,17
1445373.35,91.02360743617334,25
1503302.73,52.33710500637875,27
702591.03,80.99447390785804,5
1791036.97,96.8581718303056,10
1228278.04,76.73102847206982,7
339450.05,53.021670724490335,4
373065.46,73.61714129977874,1
1416881.31,149.91493303513585,3
428593.48,144.43781247088936,16
1063856.13,190.3525459097064,5
1984371.5,169.72524370959638,6
107614.45,135.16341752617868,4
131501.62,70.6334521239817,22
1986860.71,134.61077283877353,20
1210813.78,59.23925913712712,29
341128.95,114.63273461162792,4
1292206.59,108.53879434207931,7
1772722.57,114.17207140444124,14
1118780.78,91.97388775921809,20
1281404.86,152.87456714357356,4
1414173.29,176.1416700948169,7
195987.42,165.27754888984663,13
1229678.46,144.16281436863204,1
660034.87,130.75171989995198,12
1360879.99,54.66262700120456,23
1688865.84,158.4400998037882,16
134505.03,131.7474409367746,14
1231856.17,90.61115759958304,15
539433.03,99.17630582801624,29
1760388.15,190.3410179704612,16
581962.56,143.65433676758406,17
1260463.25,121.38686519862924,28
1151727.6,143.13826095626115,5
852716.35,112.06134874784854,3
1387479.45,120.52734098045244,14
1478962.31,93.54638850615056,10
1177181.81,115.97799508874668,7
150557.42,152.83883486568658,4
1968492.44,55.99128876297039,27
896617.54,169.25411109442322,19
1077707.8,92.44693112919693,21
123692.77,152.38396901487496,4
1612454.26,146.408797202009,11
1088437.13,147.89420737119582,19
875126.72,141.21933743837042,16
278736.73,193.86527571043024,21
1790347.2,126.25162440430864,21
850513.76,159.8478673273027,13
1396905.04,155.81739968518664,24
383810.9,85.44013659174956,8
1926944.3,92.49587587802384,3
439039.35,113.6025647235452,28
479129.79,91.65468956948138,1
1732067.44,105.01146483949395,9
1833907.21,108.6440920892459,4
503080.07,140.5796841407516,7
992621.69,82.98350641025925,12
1493640.32,170.6437798815031,4
1768894.89,115.63045351572568,15
820200.12,155.93661675248703,28
1082337.03,62.21637218612268,5
1509261.18,120.49480911865504,28
1302121.24,54.232929826599246,13
1587624.25,151.38649877233473,18
1303226.37,101.55651154956044,14
298768.68,192.3879221158743,10
1817549.25,98.6186321902129,4
835475.61,134.57088470265904,18
158191.01,88.6081363541922,28
289738.71,143.01689434210107,16
488355.0,120.05635251998518,18
1512840.69,105.59423922584492,20
143966.18,80.55340236202699,12
1960526.8,66.7282015957183,4
816574.89,67.98187009350099,16
1466693.81,199.85600262583296,27
1786385.07,111.8466090285852,10
849796.79,50.28945618100092,27
706351.73,192.93931859390216,26
1256608.14,52.9969886344719,8
1203879.81,112.78791883318004,18
877365.96,157.62163789559838,23
1243372.04,187.18988665576424,15
1877224.6,156.93294371481517,21
988516.49,119.54386323500177,28
473810.14,196.16630584761552,19
816691.37,55.897907454990566,26
848803.27,198.0338303807012,25
349106.52,177.40873275626583,25
409455.85,189.33950256895383,26
1400667.94,88.21586361463049,7
745007.73,71.36871084264047,1
1914306.94,149.497291905905,5
562833.82,127.378915697918,8
287956.56,128.47519411165692,21
1531658.67,188.69287677248263,16
1773968.5,143.01213599798933,15
628415.38,96.65957526568847,1
256460.69,110.0099834626814,21
452955.66,70.02437526377769,11
1091823.37,78.8471060413534,23
989991.62,71.50251053143077,4
592935.7,171.54370118170317,9
185828.92,155.73102019581782,2
1014833.55,129.5517526416278,9
164782.46,106.1551750441356,28
1339786.48,150.27414354865255,15
1041462.46,171.93580215436413,14
310314.94,182.1849823507564,9
579628.95,132.05243423095004,8
740894.27,172.98276827295513,21
1553126.75,126.69589301190426,30
1765750.51,121.17951337818364,23
1813119.52,179.81477834331503,23
1323693.52,107.9560904396996,15
1966496.7,109.38690185610534,3
1910698.35,95.73670179273742,22
236462.07,127.8052592441925,25
361807.72,131.72750505341912,16
678486.4,149.06917179656853,3
1150506.68,114.57534651643556,22
284257.99,82.6755937825399,28
1707014.22,180.02630936208138,7
1271836.74,101.90013008570216,5
1130492.36,188.44151297602625,23
414091.51,81.10299995396836,10
581185.4,134.00862143543458,22
404592.85,130.49226402941784,22
1718673.0,174.2971771890493,8
1210032.93,70.82770801262447,2
1496745.91,186.4905759376192,17
662462.44,129.71422582581053,13
805380.01,137.91640758715496,26
869224.43,126.52494399466508,11
1544028.45,55.40373602543997,8
1567470.68,124.56359927098973,26
492945.7,89.53244940154858,23
1888923.83,101.40322705667472,19
329245.14,147.365239878071,29
1802631.96,124.6545694211159,24
290751.73,63.98273190011906,26
602625.64,60.95619121426384,24
1708309.22,77.84865434260556,13
441034.94,78.63277198583356,2
885779.07,141.24511354570473,19
954732.67,76.67216960683142,23
757415.23,182.2579134912156,30
1449465.88,81.46409909201196,21
1717535.83,63.66971681395739,18
775203.57,181.36190245394704,18
744712.08,94.29913641150996,4
1108615.75,113.81339447506036,1
918769.96,193.8539576018664,2
565113.35,191.65538287366607,28
406382.72,157.23753338973768,24
304884.81,60.3408427598832,8
815203.11,139.00101881170963,13
1576981.56,198.36169025633868,15
1083556.89,192.03743426359708,8
1032155.04,65.90037387799143,13
1106516.77,109.3950954635553,11
1119479.23,97.33051188542588,21
925669.86,69.45921603573584,23
350334.18,154.21974668731414,3
338761.32,91.07725465403551,14
1909274.46,101.72987046879469,30
1015858.44,63.55383150521269,27
1911090.5,124.69513381679984,24
410796.07,73.72517954780847,23
1153391.45,114.81356353692335,1
494662.78,71.50133331549523,30
251532.47,193.07748349252185,23
157103.7,71.74737997957139,27
326011.29,128.28307307759496,28
1842011.97,79.54697379784812,8
710912.68,61.45427052089138,1
1255445.5,80.34629282631472,20
983526.85,58.216116108565416,14
860857.37,70.90960746814832,1
1110583.57,124.02262366448257,9
455753.99,147.77232815863613,30
1978347.41,63.10097226076752,11
1654784.95,116.15279358564028,8
1509067.8,137.1870534280028,20
990642.66,85.13385143165922,20
390466.53,105.8117617274038,10
1849265.13,60.7752304600413,26
748635.43,83.01966203496423,18
195202.71,120.012938887841,5
750566.99,198.56632683879835,10
1609468.36,199.43975944087,26
1283146.62,196.9432521686432,3
1526593.31,113.46295794504914,1
1607907.23,62.10205676219975,20
502713.76,98.53601558740004,14
1855188.3,85.6571563056466,8
932180.25,52.118986236478186,15
1314125.93,64.28504154325631,6
104386.67,117.97879025735992,12
1987400.15,100.94936957064456,8
633703.13,77.05305824517245,18
217919.9,157.41499559881208,21
970697.88,103.56733938449278,28
345157.11,177.78017836198163,3
389420.75,86.1465740394676,10
1301337.34,130.7590235129937,8
846562.04,77.62088257237737,18
1851519.66,124.2950924578763,16
706397.34,72.86997634675794,27
1019786.19,74.23679365572829,28
976088.92,141.83350655630235,24
1353907.47,89.567906326365,6
1239421.18,75.85508398463709,2
998289.55,189.46523752026096,27
1905116.08,56.45048761100766,29
751155.92,134.77221690438307,8
436747.45,132.2395762749898,2
1388378.72,87.59133116045896,21
1707414.37,117.91576176692269,18
176482.11,63.16066746239533,27
954302.11,158.19052188858285,18
1795726.61,83.25457225652349,23
1524275.38,79.00780397398339,24
1984434.66,97.23177174162548,1
809836.24,185.3554880394713,5
1353991.87,169.4699972425314,24
674712.53,192.03384367006365,6
1900317.64,147.7943519049628,7
796037.43,149.43822665481315,23
1503170.35,122.00464991393254,7
865966.39,185.7779485050463,5
1167455.97,126.63157239054937,1
1467586.82,103.2590106192537,15
1066974.89,146.05625148764975,20
718356.69,131.92092401014452,22
896671.88,68.60297229648432,28
1329436.42,108.90881208686444,20
750488.62,96.998811664172,23
875497.67,177.02506625166978,7
936095.21,106.82638354596632,11
339033.33,173.2332848958339,10
274274.99,116.35843908514184,2
1368230.85,163.0250845168415,30
1345483.7,70.29228927667849,8
1359528.46,188.6975329487693,14
137556.25,122.08398361983774,11
720439.0,88.96973684394595,2
475838.71,86.22344095472103,28
1323492.7,89.76159328624578,7
1735197.76,105.00862593769514,4
568692.72,157.6279299013425,11
1368913.4,192.44045643511905,5
345789.33,150.35561451854483,30
622789.8,132.07494064161511,6
363443.54,117.2896712025702,10
1352065.99,174.22917005564247,9
1381999.44,177.4485803669105,1
1829621.13,93.95565116492278,1
484792.58,193.01303729801447,16
176158.75,109.2673044809573,7
1432643.09,170.01171037872916,3
1910552.69,195.022981712335,9
1259114.92,155.54871512834168,9
584703.17,74.23260896767906,13
1288408.5,137.92054327608963,30
708933.21,67.81656846433677,10
1954643.94,168.37130598033897,22
859384.66,92.19727608108244,24
1402312.67,154.2822234590028,2
144132.41,186.51345111952983,16
860116.75,77.15147760052585,14
1762704.47,108.92867579017502,16
1259432.14,147.06781821103493,6
943491.48,112.94878892142518,14
1878281.25,76.22284124370728,4
1722570.31,54.36074212531955,29
712209.78,110.98972155529444,18
1134641.96,147.38135398728804,2
1030666.09,136.0976312228733,16
1301184.75,73.43618596409637,28
734811.41,117.604016580108,23
563989.5,105.42065692718792,9
1834076.49,91.13036034400996,27
1855361.55,159.39068657905838,6
1702313.48,96.44780450407764,8
1958588.42,131.02129284995436,5
1515483.9,188.48353029044247,28
828375.93,130.89139733803736,22
1548921.17,142.55343652408413,16
1013154.5,60.98689792513271,21
967259.17,76.72012156126044,8
556429.92,65.14267989471702,3
1325156.47,164.72194225337603,26
776692.54,175.38816213752636,29
589835.98,77.96829397918665,2
1213326.61,82.89076263846366,2
878966.54,98.48109342391744,17
1023067.31,138.66164254307532,2
1650506.43,143.26942907000293,22
1735082.85,153.01309378121863,29
418629.09,185.77891343201932,9
114263.36,94.25602107448071,9
738646.94,148.81384838101636,26
1615270.59,133.95842686665384,11
1694430.35,95.87558606188506,8
362825.23,186.112277989051,3
1571238.21,64.32251179388263,26
319837.92,156.80015402480774,28
841118.92,159.18105695339028,3
1997358.08,187.29897915349423,25
465922.56,127.78708885270304,5
392530.81,98.24335073288688,5
903320.63,174.16110047900307,12
1277370.2,165.62154227485888,14
1872511.49,125.04734216292056,26
1963560.18,165.17860634507167,21
232317.21,90.18134031158912,5
362195.28,138.42594956052017,18
1602402.15,179.7775182181813,27
614201.09,97.69767569247688,20
1781213.21,122.53249736461149,7
1360561.19,192.65672812593343,4
312505.12,169.73177629576048,14
1681805.64,183.0558530495829,15
435077.12,107.78705913356696,11
904641.25,199.47578894518384,4
1149151.36,72.88484070257195,4
1051455.68,127.81558748244636,16
1403709.54,121.8910073444374,29
1340104.8,169.76482862002018,18
1417613.52,186.2926658772518,14
1998901.63,159.67090653620895,28
1081272.87,144.02243541954542,21
280878.27,114.11437862727556,22
1482902.27,126.54888756136012,18
992971.12,126.39504698372328,23
704820.14,53.05527105265665,16
976296.88,125.45687072415166,19
907076.16,178.3956200261187,19
197696.39,156.39110167133722,23
1377302.42,169.35629331875072,27
771341.62,108.57274846527817,9
1596181.36,129.34598553694372,21
1681028.14,55.02253534956508,1
1660338.49,107.44969132540156,16
891665.4,121.1624067338966,27
710936.8,88.28133493986225,20
1522759.48,54.686146848597474,9
1622639.92,153.56121631684283,19
1033389.15,115.26316262732648,11
1796758.94,112.35172896683514,13
373426.52,87.49801310427634,7
1770230.68,130.67455984970258,19
282580.94,115.70401719060972,6
391698.49,121.09767095436364,14
1114296.03,137.1307022654573,29
228285.11,50.94869708596031,23
200333.49,186.1543855307634,13
100985.61,60.66310954176219,30
929001.65,117.63871209739918,1
810827.32,81.10593128590722,29
166192.87,128.5673554054813,11
1339289.45,92.03451631957068,25
241828.26,179.0009747093906,29
419201.61,109.45397509436305,19
379041.1,145.8133333652656,19
1735521.85,87.33195922218184,23
1663936.76,52.91092257410263,8
755796.33,110.6231803419914,6
278670.81,130.4729734337435,11
276236.55,118.93207268926254,15
849514.88,194.30215457282893,23
1501815.36,156.02587607690424,8
589158.72,199.3504700938093,17
886037.08,94.2590135470958,1
1057939.35,168.357991941072,1
1525505.38,133.33377013199208,30
982891.31,141.7640531672749,26
799018.25,197.87798006634915,26
200225.86,148.09807996266755,10
495920.75,184.82253385053767,16
1527832.54,158.86253520788705,21
325929.66,69.10791825871252,8
263366.47,154.9135565483469,23
434953.59,122.64733830282228,21
433158.37,187.81969894735136,13
1663904.48,171.02516707856827,14
857162.58,65.62020314108378,10
426093.82,70.08734654803376,25
360701.39,60.441650269790834,30
1341725.67,123.9867312116926,30
952586.06,62.11576388110295,24
846544.54,158.55175048620413,11
1762659.98,132.8537872175649,24
1018615.27,175.38275263297135,8
1758432.02,91.96936830069744,27
465371.29,127.8711176241711,9
214029.71,67.62195288658165,13
1346540.37,182.6915003975421,3
649258.81,76.25074434347574,3
1495977.75,65.35433770256076,12
1176199.24,80.7575897784775,17
810286.47,170.93472330844722,1
1674239.16,65.87217915270242,26
1382803.2,142.1641242257249,4
150497.75,161.92719509226885,30
193972.36,162.66217407243067,9
1242961.06,78.50913299121967,12
1023764.94,59.2435997566418,5
594350.85,117.32095756583264,25
895446.57,80.37280178668192,22
1540029.61,154.8906213520907,3
1670561.82,103.50391994831315,4
1166323.83,117.4030911549698,19
832202.01,67.02273996525678,26
1428888.32,135.13254298222876,4
1271659.0,77.82862844478609,7
698024.28,151.84784913724056,17
1171780.76,60.67532338218405,4
1385639.53,196.3841888421985,10
225550.5,152.67904678787175,1
102028.18,77.25943517178892,15
503326.56,52.11419681927837,22
1799571.85,100.16943383078282,13
1327952.45,72.92198960783111,8
426724.67,82.76169996793189,13
1791501.53,180.91253876568345,16
992916.29,140.48069900762744,5
1004574.34,76.46864795433493,4
1877529.69,133.49891010311734,6
213024.72,88.36709801374899,30
508838.72,196.43012965371332,22
1212965.52,54.913584539554286,4
471424.37,159.84776332517225,10
1391101.32,165.9495539287141,13
506775.35,60.07441459365504,6
288398.24,75.78040463470273,26
453320.42,107.64599886559364,29
903194.67,180.22322397936017,8
434662.77,130.54999076277488,1
355914.85,148.2960275010936,9
1734535.58,167.45192531852638,18
708754.69,174.218418250628,25
785441.5,121.44268146255216,11
205013.78,126.3189708160222,9
779002.28,157.7008785631669,8
603133.64,89.50135381034396,1
1259921.63,178.17346045482867,1
490241.57,53.11802367137624,13
1787894.36,79.3657403314587,19
1866366.58,170.02999145547548,1
289679.01,101.03873178390084,7
304065.62,72.4749249038459,28
319120.23,78.0132133567105,30
1277181.59,129.61346029041044,20
331741.03,176.92722940174815,16
1719526.4,60.59760736566659,18
1533115.88,54.57213636869741,12
1657636.83,119.77522037552647,7
1099515.0,193.4281122580452,12
683135.52,91.85147051211896,21
183932.7,193.87558086005723,20
862403.43,183.1521764885002,21
715479.67,92.47026145812669,19
1902426.45,172.542209638422,2
1196035.82,152.88009538532282,19
1003667.57,126.77335833571358,27
423648.27,113.4374214564312,20
868264.22,172.3254133888185,18
1047415.14,168.9619149042532,7
1037976.94,163.54045039138387,24
928079.99,199.7383926822944,14
823391.49,121.77686914120758,8
855297.55,171.0384466729874,15
1211030.14,179.37175504752176,4
343299.96,81.74038721805259,28
710062.69,56.30996630795914,22
467095.81,110.71226032828696,10
296238.61,178.51050266551638,24
1745674.75,93.36549217917651,2
367430.59,155.00152311011362,12
781478.3,51.1022208596394,20
876471.82,103.30466484803566,1
919886.11,142.32750421372268,22
1302983.45,69.46357851085054,25
1860861.84,184.4910368221151,18
1872281.28,73.44109656756189,7
843834.76,186.4690317505992,23
725598.67,82.4583963024462,11
956988.35,199.1418010873761,23
1179075.04,140.71230699433863,19
977454.03,62.65173416574669,3
1351631.48,59.79158517179898,3
1153358.14,61.23825443892032,1
709359.54,138.4839120936428,3
756888.53,171.43688034910778,9
819326.3,110.44441126557588,1
279815.56,116.72536389227928,29
415519.0,138.3931555496942,28
1473916.22,129.95609071795337,6
839283.75,153.20925996519054,10
507624.05,120.767858024454,23
1169077.58,157.07910275961012,20
1535525.13,199.5966113819951,18
589102.49,102.54467633731474,30
1670900.78,51.83231943730262,19
1862259.23,68.84375683274821,21
1235049.61,133.02712774804309,16
1371000.55,101.6386680716978,16
199894.38,190.99738905574887,9
1896487.79,144.11691351610745,16
845721.0,128.05327789482018,28
1855410.76,169.70592519080282,12
1200057.3,88.78848065736427,4
108775.72,172.96078104235397,18
173229.8,50.45916572961394,24
1392795.73,142.95160432035766,29
1169069.23,190.21357265686683,17
150411.63,168.1789928050805,24
864670.85,178.0451288221039,8
1257099.81,109.54320427572507,13
1043193.22,173.63584191501894,13
984939.14,132.62474975454,10
110398.91,142.78103547547985,22
1594634.45,58.83730090037052,27
728360.53,80.23275457615883,10
1769650.88,132.6446623270329,5
808815.12,58.820158673524645,25
1173648.03,161.217020988157,26
613649.4,176.00855127828524,29
405117.79,188.0543541942208,8
1017917.41,65.2652688769709,22
1043521.91,190.95803720342,22
1119327.06,60.14300114439425,24
883180.66,121.1084323891723,25
347814.89,176.03765309417176,29
1725720.03,60.54667078466831,15
456457.66,52.734660948347546,3
1229118.12,53.74215780599761,6
973240.25,126.69053591540504,27
811481.48,171.7395116894995,26
292101.72,69.11400066088994,1
305326.69,68.6915381119311,12
1015350.75,135.28202825746874,8
1172346.09,85.14434012178856,10
1966074.16,159.5320602717311,20
1253701.72,192.44530822651248,16
907460.83,164.90501099006195,15
802970.3,181.57630495683748,14
893476.66,127.93790863575056,20
324958.26,174.84789563263,21
1610026.06,77.43547759800236,2
681641.44,60.2521835593441,5
640354.56,148.3929665187029,11
677213.57,57.79287556370839,14
389271.11,183.87221287095207,30
145543.68,153.7331220661128,27
125695.98,192.8301088113368,20
980983.86,97.08299844698536,2
1411240.86,122.92374638024312,4
410444.23,161.25355475676784,14
1369828.41,86.41684781912309,18
815794.61,131.27732301675002,20
1275558.08,148.9200912508217,5
176180.52,196.8212981670562,27
977281.67,161.70549413635771,15
1092276.7,67.7196275418611,18
507220.17,121.30001770749656,2
365284.94,138.31561744843583,25
458101.18,71.99347142965291,17
753868.05,114.79490854716175,7
283939.28,92.60087245037346,10
279019.53,67.8241313393039,11
869488.72,126.80629001951816,1
1637042.24,74.84496215185182,29
163297.07,138.58061128785852,25
253397.03,75.45453983627982,27
1338171.99,158.53923854042316,11
1755677.26,79.28624345445056,17
1305045.42,184.44276511642244,14
915149.63,53.93140348232133,15
919045.08,128.2996080568604,18
168207.88,98.01571488298204,14
1115741.43,83.76147886618861,24
1987731.69,120.7404168747722,2
1921544.3,176.30293044863913,6
176758.53,187.2915808289973,27
1361653.75,95.48729272217686,27
673353.25,73.13654331426069,25
445382.77,158.0210671349461,12
185718.02,137.29980881839825,14
1878160.79,80.15242230163399,1
1691203.91,164.0443682131155,9
323258.33,127.83956528632116,22
213666.24,148.00927992611113,11
223646.73,103.9008550945083,15
395939.57,115.8646341953564,4
1116306.49,77.05131475624133,15
1839915.23,163.47738014680112,22
910834.54,73.55169862276878,18
854743.27,166.7453892126592,17
945530.5,169.7011782326879,28
219922.62,161.99014460826825,8
1940629.41,52.913418208811066,9
690242.95,90.96998189100104,19
459790.63,120.25066141877204,15
643489.87,139.33165680751938,30
1932309.07,187.8833149053576,2
279143.5,106.34089581930536,4
792783.08,181.2534978160932,11
1444903.4,74.51439322052548,14
1677036.44,105.69207312629403,27
157409.68,57.84230162319845,15
1700093.85,161.37339365834333,14
1892426.47,72.59791361493694,6
341176.99,88.55300234726866,14
1611998.27,166.28498782898222,16
896779.87,130.2075076134065,18
1132641.63,52.09590791276938,19
1807951.0,50.33528071210957,13
1946427.26,126.59909476098456,5
1439192.81,95.74332706237922,5
1017582.94,77.04671689927656,5
967167.33,142.03909065741664,19
834048.77,84.26547075761405,26
787038.16,138.8310724527422,27
843863.0,106.88989258794092,10
270531.15,78.01193265046845,3
247128.56,70.7157106803123,19
1581752.7,85.5290904690932,2
947538.5,54.47481620194776,19
1868300.53,96.21904430544026,12
1263219.92,185.2932035272692,26
166834.37,174.70431888245423,19
399294.35,105.80056350794884,23
673424.44,136.37504278727056,13
1953898.45,135.10408385210877,26
515538.03,174.31063087905684,16
1079935.78,85.44351522754485,19
1878736.17,94.45812331895186,11
1956666.19,95.26781506184172,14
549084.83,56.13049846575115,26
193323.52,97.20317949337884,12
391843.48,181.68706648820103,1
220324.11,186.79814713572216,12
470736.06,66.44530186528256,12
1180282.46,118.70878124276472,13
1833652.71,107.20233523814588,3
823899.88,123.4038794935082,4
1289380.16,133.20792860880158,10
483547.78,53.03881400266191,13
1621108.88,176.33633718817413,1
1273798.93,196.0496109760008,12
792476.85,148.01072180054635,10
1902801.9,149.06783577400537,2
761011.47,129.19697867460627,8
272100.21,100.14101175715726,9
529265.02,72.34667362692817,5
931898.97,137.60950140440758,23
1896817.94,56.74121052638106,3
818788.66,173.6753851537811,18
1564469.11,113.13675492059232,20
1126905.72,112.21313362429623,25
447336.66,99.07562877138588,17
709394.83,195.403083304788,17
1341064.58,76.23754291560783,23
1378421.45,72.69617322128167,26
926043.52,74.82972523175452,7
534426.65,148.7791224276146,24
1471622.88,198.7842978094397,14
420858.78,85.3212755602632,3
1879672.41,185.8426095601232,19
457016.8,91.79248388122586,30
303893.49,147.18498801879502,5
1045530.63,56.07484279000516,1
1087144.24,124.34809618642836,28
1065566.54,148.18549494184725,18
929668.23,130.4479665833943,7
1990148.3,85.67530773226866,24
1023933.16,174.27454224018732,12
1008098.5,195.52047668573604,10
901355.52,118.8794143538098,9
226968.93,145.38788977838806,18
1226617.6,168.56199025183588,5
533138.77,86.2233590932691,11
1311457.06,179.6675572893178,10
196583.58,92.03013579649962,2
1964635.49,166.37462052728583,23
991109.65,66.8148848639633,1
1803835.21,93.25800551212546,29
1003566.23,130.04299009098014,3
214628.56,128.73831435564728,11
1662205.74,177.56467767295493,3
1331549.09,199.41908864579108,12
1585338.39,66.08162687902109,19
913522.74,90.70821992375556,3
1312079.81,103.63973153346136,16
1726835.11,121.83776117150076,24
1299024.34,124.08646147315986,14
760579.91,178.4292594722625,4
1358806.23,165.58389541776495,21
1376522.96,52.827736855693,6
1925115.23,118.2532640874782,1
804733.41,142.71107573661334,14
907655.36,119.05933806395352,9
989922.47,69.59678840385536,1
1060948.4,109.62111255359724,24
1499488.88,111.7483542694604,18
973447.98,78.15738836746381,28
757858.47,163.446067170643,15
1422602.23,98.21010202137153,14
349194.82,138.34809358529242,26
477308.96,127.35952714381511,3
1290967.47,181.61406188245832,11
1519812.62,68.30223977942572,24
1799906.99,67.13945123801902,9
617914.35,95.04795036845238,27
310376.09,114.68224521887524,9
1916488.65,94.78133731282094,13
393403.87,164.47806235928658,27
475567.27,86.78987646639496,8
653525.96,62.71621141583671,30
1105843.57,112.06997148262212,2
757000.08,166.0068932207726,8
1545037.44,177.5842915380112,18
1445499.35,160.0017272545026,18
432843.08,133.6830017749616,28
779597.0,158.6287552623765,29
1008969.36,152.2084302955792,21
380109.31,85.15499487425913,20
619516.43,132.61383383047905,10
685833.09,165.5913998957648,25
341824.78,97.56809928127072,20
362301.96,148.09597200753973,1
260986.14,122.22206412781978,25
232870.1,125.473827641753,11
1014133.89,63.50825566732396,15
1586201.27,149.93257479580697,15
1521181.25,179.85305530317802,25
1648638.88,71.21469320387942,9
951657.2,104.9158493324674,12
1659058.46,57.30011822612525,2
557430.84,54.44478289645866,11
785540.07,198.4487745007616,3
435075.6,124.02072624595768,18
988220.62,103.32785279528696,27
844914.04,91.23156149375284,14
557761.52,197.00189674174388,28
1528383.35,87.83761782825255,30
696308.87,158.85625936066148,2
618328.23,92.56371437089008,16
348691.63,60.573425803537866,16
933761.23,152.4914921776912,12
675632.79,50.24462714447973,25
801618.4,151.3622767340854,12
548394.8,87.55648984847346,2
834622.2,161.91563481072518,17
1371141.14,165.4625251025974,7
1046070.52,158.61608582263068,11
1321697.0,53.67251622014156,16
173380.38,155.56049294656526,22
1997776.31,198.52184210836447,9
1265681.32,86.39380527884343,12
1790580.99,91.13578583380078,3
912283.27,172.0289824370809,12
716724.31,74.05952075841208,18
975769.64,149.08755132568274,19
254192.6,163.25395662508677,9
130030.56,55.57409927290357,2
1006681.2,133.0643141397839,18
1039197.61,136.38158878038243,20
873988.54,95.51643460876912,3
1179517.97,181.4517004096276,16
1149109.14,74.41245789497846,3
235049.64,104.62920642587908,14
306448.5,177.30030307209938,20
238988.88,78.59641349089887,22
1606709.46,173.20612044915123,22
1710890.05,61.86037660519336,23
1990166.01,123.3843600784985,8
1758532.83,61.29959936685551,26
1790808.11,151.68553775922717,11
697261.09,168.59022335834004,12
863157.1,177.47878223702045,24
889064.61,197.18933761159832,10
1251968.86,150.80235834493803,3
1883730.17,165.35928707600306,22
754817.68,125.8637417481994,20
1158303.39,186.91053517716887,18
662969.3,146.56375732991938,5
422619.95,182.53271093770152,19
470852.51,85.31780255208213,6
210096.15,124.51066710770964,17
1903657.69,159.4728381595706,16
865471.26,80.40826318440249,24
1684829.69,81.70096898929674,30
1394526.0,196.7064110608456,6
464650.21,115.19155411058092,4
433378.27,77.27231793856575,17
1642777.58,99.7195822972259,29
773212.93,109.60642223988884,5
1835241.85,143.46278862053316,15
366105.27,188.45219885716287,13
1387646.37,197.98851138831364,10
1647500.36,147.75481383666687,20
546987.14,154.9883541196587,9
624793.99,98.27437545448836,15
279450.1,178.57378931731236,26
602735.45,82.66975028304724,12
916918.39,65.95709739664514,1
921779.63,195.98839851464763,27
964919.18,179.62080152307985,9
1574003.06,95.54677018072,24
1566513.75,151.27560745715738,23
818804.23,120.05275361197992,16
1686739.0,98.46923092182064,3
504842.38,93.01613161404424,29
108180.97,70.40411678313598,21
931893.37,132.3977123413759,13
1988747.77,116.98950351762618,26
173424.19,126.82796304499163,24
495196.34,82.30357512191067,23
376798.86,190.7916006159872,6
1638887.4,145.78867944958122,19
269179.81,184.9400986075005,9
850945.84,66.39067490491331,3
1519444.02,143.42764487842624,11
805932.1,177.41927279662417,4
458789.2,99.63811697217,4
471442.07,79.27147537039795,22
879092.7,89.75319587084294,16
1010892.44,90.94005901246985,12
1279767.76,117.07984473853028,6
1320279.6,98.89454041689972,24
1411763.71,90.6911109061987,20
1967675.63,147.2768447607707,18
882502.54,57.95485575078267,6
866373.37,101.05456672095949,4
470731.63,153.4627948910712,4
567163.62,76.37746239215089,1
1486648.97,83.13917933193686,30
1533688.96,80.09999381193762,12
285797.2,50.13891600971074,20
989639.67,121.06516277473592,30
481068.7,55.84381841241848,29
452213.02,90.940971766235,10
981273.41,199.22051368879573,15
649916.44,187.75943170854492,14
1612514.85,82.26137122345014,2
1824449.29,96.50036478708992,24
1625169.15,119.55568734028272,18
605458.66,176.66203199888653,12
620855.35,170.39689120896367,17
583983.87,68.93621548494232,23
356572.38,68.66732725225282,1
1893216.9,112.50983808410668,20
863890.82,180.5143084420658,26
526910.0,182.31274986432533,22
1708675.0,66.10487745297952,19
858471.08,136.14459319483274,3
166721.94,73.35127956876694,23
407688.98,152.9193965004174,23
1314575.65,187.464987189336,15
1587520.02,118.21539387133905,18
500775.34,62.46241620380772,19
1417392.64,136.8881293841818,4
839052.4,111.2775005203782,8
1711923.43,171.63481285009402,24
532556.18,101.05166958895816,30
196018.38,181.2345800708884,9
357404.65,91.05506114521772,13
681020.43,73.62764538330289,28
1275941.12,95.972056597787,5
1025027.15,55.23736877341197,8
343757.19,92.1868950311362,2
1583592.87,149.01764508230465,8
1883171.77,71.34244678348885,20
1483912.43,66.70474591798819,11
938323.22,69.85779368815255,30
276523.05,61.63275113921996,27
1102169.5,181.1953117764409,27
1515064.76,191.61726732447923,22
1658961.29,56.98417275931794,22
1523770.44,164.01076723153102,16
646924.26,160.57276200757966,30
323903.41,199.53641369150608,3
552843.21,102.18059925816024,22
1055462.38,92.82634875356244,5
1060026.15,117.96231812147408,11
344093.07,178.4862765723786,8
850693.49,159.28904638068482,19
1595093.62,120.74357209512542,24
1834992.13,86.68442649288099,3
568777.6,159.05236119025568,19
305211.54,178.17903020632943,7
1388146.52,109.99268466012364,3
363280.35,150.28781687314762,13
458207.44,110.03180317648972,18
1610941.29,121.77401572122272,7
1361943.24,128.73655699323706,12
1471489.03,166.3588721033417,29
1843933.99,196.62589761933967,11
1969952.0,116.65492439573484,30
768896.28,101.34725093714088,26
1312624.75,106.0386509708587,12
1000472.2,70.08336040627725,18
1974594.62,94.5408106726584,22
278234.87,62.96711199032093,14
883512.34,114.18413947688708,13
1763524.18,75.10359039665732,10
639697.49,101.9610118961613,5
1596806.42,169.03666240874094,1
827288.01,86.8891475883704,11
1961959.23,141.78419320131036,24
1778706.69,185.17721288729192,8
672508.68,135.03937805443204,6
1563366.92,79.0688919158619,10
740027.43,101.71492909489317,18
1252089.4,138.55538107760992,7
1351113.46,125.99167096397802,7
1676231.28,72.29297544153556,4
146456.6,117.01945170358536,10
518299.99,131.46000423653726,7
1452643.84,90.09990716863588,25
1170694.15,141.86682730097775,28
1041649.65,60.52401492278148,12
204898.92,100.49105503482753,3
761724.18,170.64152491663617,3
1743690.44,88.89272013622332,10
158696.39,140.77652750046173,14
853228.85,111.50445705654678,16
1895781.75,97.469021362287,10
196673.4,187.41975318650404,11
1524440.93,101.48925771205754,9
589463.97,85.50138522305275,16
1746556.78,186.39519734604056,21
1517529.16,161.89165339037223,2
1782839.82,152.26995705472962,15
510257.1,57.43024131003137,20
1109456.23,69.68074410736637,21
1580612.89,145.75099457144944,17
566829.51,81.41492547893904,16
538417.98,83.84569784455385,21
151646.05,166.87077730154158,12
1921179.06,92.8887423255414,18
1449032.07,60.7380953227874,10
1307564.67,55.464792096479165,14
1513589.97,116.47669808679316,4
1110064.55,142.56928665269692,11
1004654.26,180.33278500877043,5
954111.26,66.62065925489588,7
1316834.5,79.50092394324444,13
482916.45,129.47009163612069,16
1787311.52,104.61625433629628,29
1037742.7,122.3806176868242,1
764170.86,188.61869734763232,27
1199357.66,131.73374807970308,10
367951.87,112.26809159181138,22
1947457.87,198.41598600496167,21
1371448.3,59.78235048493045,30
1851605.26,189.81701725567572,4
731109.79,125.24927630982243,30
421355.94,125.56345066507072,2
502367.11,188.2946501304814,27
271002.64,126.09859693896044,20
328210.2,115.76106357952231,15
235478.61,90.87328881757983,12
1980663.83,148.82251502261312,3
240709.6,135.44676364696423,25
351829.95,82.15181554216747,22
1671783.73,156.4119372591987,29
1202456.41,146.61302860049608,22
459265.63,109.60008263098112,29
1298732.81,50.66013828553258,27
1776132.63,116.98717252642815,13
1313088.3,50.90871756953776,22
1092037.68,61.24977339485598,8
1454224.42,114.5914853721251,24
950046.23,62.28798262779915,19
757521.26,91.34981506807492,14
988539.66,148.32370528384524,19
422456.8,96.29230139141283,9
1613486.29,199.64728911822647,19
595337.18,187.4453050872472,15
391709.94,137.79648568782855,10
1308437.67,195.0420707952396,30
1699933.29,180.20259416487832,2
727382.46,97.83477782607306,23
1403494.75,162.4394368977964,7
1727178.3,70.5247676005921,7
247714.87,152.68271365681116,5
1553546.37,123.66227397418706,4
684564.39,52.523890887923706,4
511582.49,91.1344733585556,25
1408912.76,193.30733261063727,28
1828613.58,97.3747227632721,18
660536.5,77.2181682952161,1
1180784.23,78.12971698583125,26
325972.13,121.88198969629237,19
1153142.61,176.39738610058023,16
1281537.86,163.70026477000198,29
1259637.24,115.52780113066616,13
1284738.1,81.30903251554409,11
356651.61,56.90973501532866,24
1417726.89,119.39454792240966,16
1382025.68,172.21630227772874,22
1396917.43,159.45229903914708,21
240734.05,111.29011514408754,26
948993.8,139.20540078764003,10
877166.75,115.43697814193264,3
264751.82,136.85241646852666,15
522499.06,127.62578665903236,20
937829.0,152.14499001877385,25
889211.97,126.1563265299686,9
550417.95,191.09164972513372,23
1676524.83,114.20422723725294,25
725265.7,52.38744545595664,25
1544801.2,85.45603031134769,25
997856.37,125.0910287159984,30
1048469.03,131.0857777832993,20
1277466.84,132.85771839680802,12
1863144.16,157.18281474051233,14
1034443.9,91.1972213926292,23
1104449.32,149.73555185622158,8
1243794.23,155.6048409678819,19
1501278.76,111.69211289312396,18
236515.64,110.32536487194832,20
1079806.13,76.83871784846747,13
1015024.02,112.09810643830606,23
1851201.47,168.02244375605187,3
1037662.5,186.3459508324826,23
989809.02,139.04197869769482,25
1928179.98,94.90555150314482,27
956095.28,152.34345779895972,28
443680.42,161.0219313044006,11
512140.63,99.83191681709935,2
280856.32,173.982179223432,20
101079.45,61.05437482075101,3
920696.76,51.61305764000383,9
1561560.9,68.44561589480789,22
111063.77,73.40125217412645,18
161083.27,181.8393549421582,19
1182967.52,113.74725533319211,23
393137.94,91.23975379555723,5
1888044.94,114.3612673980229,24
417993.5,109.22613390509484,18
1290614.51,95.21925019820256,13
719852.89,70.6849373617948,14
1318966.52,148.3873192960821,16
883291.33,70.4906604169483,17
956715.98,166.31366790090115,11
958195.55,80.25320199206804,7
1821004.52,159.70569606999675,6
1050398.33,170.83791585432004,11
279874.2,68.7989014661676,8
1714487.36,63.01186524320061,16
189770.27,192.43591559804892,28
525496.76,119.45702101288713,4
224090.79,144.53532424594826,10
575822.86,53.48906601826516,2
599455.53,91.806527083451,30
1206645.01,125.80964818390794,22
680270.81,182.9327470084106,8
1981528.37,90.71591263465643,13
1100869.14,166.27869797880794,22
1314151.7,149.33193923880526,29
1733944.03,67.29061517086174,18
1872573.57,94.00627591879947,9
487335.19,85.67960546579296,21
311355.49,116.37913813599282,21
1682390.4,145.30013645713765,20
676083.95,115.012963326276,2
935637.18,86.68048636277089,22
1972680.09,154.38181523424132,1
1971588.72,137.67066420672347,28
1821602.94,127.8970861123538,27
1617051.86,133.16293961689675,17
611347.95,83.28509694407353,20
709615.14,152.06465916386844,3
1139837.4,108.12508033081524,27
1165477.01,104.52017295950294,9
1060455.36,72.46013124001558,8
1309673.53,139.52560018256696,22
875813.74,140.39966158197598,29
1248660.17,101.04509654997923,15
733744.86,178.97750852983012,16
728286.29,176.81868480731424,17
341729.33,66.3581459723647,9
458553.2,154.25575817148774,18
1715989.67,109.07521342775334,29
947936.44,199.95722765943395,12
532948.79,83.75354445269787,24
1542748.09,92.07863081217342,24
1152564.14,116.31594418335912,26
140196.42,90.30727230209948,22
701086.77,153.79900495797713,28
436302.68,122.13621682722209,22
1346158.44,83.13182522743102,30
622558.98,125.9561104229844,22
223398.88,183.31816495475576,26
204376.48,168.8593470275079,27
1353330.2,124.82433866402316,30
141274.57,93.27389047129216,18
1712705.01,76.98296970537916,22
395254.53,181.7574315780344,30
1252476.04,156.52504107480445,12
944907.25,135.82449547211877,4
941417.89,181.91519689305025,27
236414.57,68.25354310611343,19
128694.12,152.37339290031025,13
1043520.16,82.5068468619848,22
120931.67,68.08661615239805,1
439347.93,119.84127650103996,15
1817417.96,108.10893946465303,8
1144037.86,191.1760413987778,9
385075.2,98.59693201277246,30
485301.86,172.23533885780034,17
1353973.86,162.3240500702517,5
1477151.96,150.18858050878043,11
1347933.82,188.0600709440089,8
971375.21,111.18868915720132,28
1038720.85,108.45067789742984,9
670516.63,74.14211353722641,11
1006742.53,91.36431132426036,11
783365.96,181.9664684091306,6
526390.2,121.1573199367052,24
187330.17,101.20299832860655,18
769203.74,82.41680826232567,14
915938.65,122.74403753654224,12
135031.83,157.49980556967932,21
934439.18,93.00380381856132,3
1323617.86,163.65747812189812,28
1259767.81,144.46816620873778,17
1575632.03,168.13438438095562,7
1639987.46,87.63644433123685,17
1452241.06,144.6542217099568,26
295315.62,73.06029192332629,6
1002542.64,104.56954732469552,16
1246471.32,158.6540142264202,18
566575.47,144.7502578369904,25
180848.45,78.1791088006283,18
524821.61,178.75140081387937,23
964299.36,58.00264735177728,24
886467.61,139.28235327749744,27
435667.26,197.57307503474087,11
1666389.53,129.7257097764123,22
1858804.67,170.1007729939131,8
482561.81,139.27714597836533,26
1866188.54,167.4632472384489,29
133935.82,148.3391203032931,9
1857428.7,153.6698021806293,17
1908664.7,84.1716726629576,25
122898.54,161.27313703593765,1
1549736.66,85.68648299964961,22
1943382.99,197.09604127138823,25
1821214.22,84.1680786441807,27
1944349.31,85.50260053964844,6
1145614.66,178.80096807257962,23
248496.67,86.44787929442288,24
1714599.48,104.13541902369244,1
1266273.69,157.19602417685405,22
1267999.81,73.81228702921449,19
892781.86,73.86076322412534,30
1186499.76,122.95376348999284,2
391801.58,86.55451313490903,29
813646.4,85.34869333535504,18
242532.88,51.3858382127769,9
298454.42,105.5674386796922,12
1713059.0,97.73758319276048,23
997690.49,54.67337162400056,30
218024.87,143.1849767320495,10
693207.12,143.9982773005031,30
1009915.12,60.62007076604883,19
1492936.5,97.55623443641797,6
801078.25,180.92082979930967,18
432134.03,137.32506023668677,25
517201.23,111.79620860179818,2
981452.34,119.7652892696144,3
224777.23,81.24199916537077,1
801476.93,171.7822251061892,18
508963.12,187.10070581764515,2
1733166.15,186.5996063375065,28
818580.99,83.59015875384495,4
1718272.15,96.61104016646854,3
559229.24,74.09341622143052,8
1275455.16,96.08017004484697,23
1404252.71,99.92080581839004,28
589998.62,144.96586055969533,8
1416560.52,78.4469572322187,16
1403536.29,187.90953865516155,24
386136.75,65.4649205127965,24
267964.35,51.03170165514996,5
1380970.87,178.24176929457997,26
745498.3,155.56547116490745,27
235364.51,103.30398055339975,23
1003080.67,139.3249558865177,16
1532164.29,83.531615125885,12
641732.56,75.2584472968064,27
736589.07,120.6723702708084,26
1706828.86,102.97817445814414,16
1088136.63,142.28450758029382,23
1701190.74,82.72237768415472,12
948140.04,149.43915508409282,23
1910652.81,165.02922804542197,3
1336509.72,74.99542145427117,28
320207.84,56.5787425126874,16
1781676.68,115.9381062952008,18
1029603.86,166.10361289886555,6
369114.04,147.6169753361214,16
390111.25,155.2822580621887,1
1406314.48,110.42590099900524,27
190007.76,85.24183178796048,23
644528.15,129.76682649269142,14
365596.42,80.65485406237954,26
938047.12,158.9343045477599,25
887272.17,79.54496839392155,4
1091565.23,93.68949000715122,2
631309.03,125.9817167484508,8
160882.82,123.00649012152424,1
1267333.6,140.12740646105442,18
810064.21,115.61669007498756,16
1337536.5,187.9209962765137,17
306467.24,175.99011412957822,3
126176.98,181.86701768549577,28
571759.07,144.4274857105156,30
967439.91,145.25118737912095,18
848736.75,141.37980255739228,1
1639574.86,115.23262316321843,12
817891.52,98.3159001600894,22
1369197.28,138.80043311733056,23
1227679.63,53.829775570767545,8
141479.64,51.11846471357045,25
1078753.42,177.74627394451227,30
755179.39,56.963606716643326,16
900432.24,128.7192725500127,12
290546.06,142.24816444244675,16
1587359.07,79.72568444336534,1
1890568.08,184.35962573977224,16
142310.76,78.51436576225625,1
1242608.25,182.6772481050012,2
1551303.73,164.44854039995528,17
641134.42,86.11144302862908,16
801599.33,72.61162494141404,30
1301474.6,97.43490652793528,16
1865409.0,109.6925849405412,30
1963909.14,86.86770147483853,25
180457.62,199.8337323131635,11
945381.75,84.44785043593716,28
1139276.8,174.59522404742853,15
378812.14,73.86766206357092,18
738943.08,197.0366937913921,4
1976530.15,83.82851874246273,7
130837.87,113.25328321753884,16
959765.07,133.784610015186,9
1701043.78,68.042857273414,18
715412.4,172.52301012186518,3
1011617.16,91.20282990212448,8
1958286.92,132.39048524024955,20
1002265.99,132.44507160398703,19
348750.49,140.39609784886775,30
198270.83,58.322897978647205,27
1896291.49,75.29281427473518,25
605037.89,74.17883643850463,1
1057721.42,95.30768891237778,19
272333.36,71.73712352875097,7
904944.73,188.28819811614343,9
1867200.49,126.9431675766951,7
1054584.69,143.53627215540266,14
1945156.79,103.62322630971812,4
591787.71,91.43692115508674,16
1058635.96,125.47657553483197,5
1733108.5,94.14844622522504,16
951679.47,101.54688885946464,19
756559.4,117.91263114062858,6
1725403.19,125.86005307765332,4
840789.99,197.6471017672758,25
1108374.25,83.49838822429108,23
1955401.43,123.19642473239708,8
454318.26,72.42676092340085,27
672661.21,102.49988490619587,7
159032.24,157.59660780596064,28
844491.65,76.16932156408619,4
480348.52,137.20269613250647,20
1392066.38,112.50515353520107,1
444510.77,57.73693166067095,6
1382144.23,189.96128622176667,13
600603.31,112.04047104393295,3
774913.88,167.58898036267493,14
762835.24,112.44702330977005,7
1033909.43,190.60404823681768,3
986367.6,93.57055016433462,29
786467.91,111.83459745315452,30
1719983.17,163.82963603889294,29
305754.62,101.55009729212854,5
1242064.26,104.6535607002769,12
1810173.43,199.22347601213352,10
751035.56,133.3421788535528,10
174060.82,153.4070680505222,13
1039740.43,146.51933512304146,16
335482.3,174.18862207348582,15
553086.24,179.27376491626146,9
1519510.66,134.48841987054644,30
348428.45,94.1834112449599,30
1633194.03,53.42003713624542,10
1880123.85,142.16048765964803,7
1252410.99,173.82032498984296,16
1449682.46,117.58097082674892,12
1455814.56,74.70592107362964,30
1986335.12,93.21231094034611,13
748922.7,126.4983394267797,2
409427.45,175.50218284665,4
679886.1,75.76297191026309,3
1113174.64,141.82248135642715,12
438033.73,163.0052920925818,10
1264907.9,190.4071280502235,26
126836.99,67.50555375182891,27
1862569.96,188.9587451246836,5
602691.13,140.22013027617191,29
175164.4,165.00523811484288,18
305673.94,58.06620643528332,10
556473.0,125.92222334608928,13
620421.72,143.39445111211904,14
162339.0,96.02507598092603,6
630774.14,114.74753121518788,27
466589.3,133.1447202919397,1
819379.76,132.882190965947,3
831818.7,56.27922881102571,9
744114.71,115.92226498683384,5
723055.38,82.07272321883462,2
270489.43,187.50426171280247,12
147889.4,196.4869985185001,12
1426307.65,94.94703445281036,4
1537633.91,76.27780958765881,25
1982538.55,82.92562264225145,27
1864199.73,121.66283830294306,22
1058016.78,181.1758398669768,16
1110465.33,125.00543224064594,29
697704.98,58.30880925729465,11
1570484.93,55.9828404069716,13
1553037.71,84.10864184342728,1
1704117.48,176.41569164141433,22
1801458.7,143.22208363027158,3
925263.57,134.44367806794372,20
1557063.58,97.84543888739633,24
1632157.58,189.4138107569281,7
686073.28,99.67673674431988,19
752843.83,175.241661897942,10
279248.86,184.3855276963826,12
1989111.44,122.50025198242052,16
293218.76,184.1433904221114,8
277214.72,91.52049310865706,24
1346836.33,148.76501392749137,12
164940.88,63.19456227865794,14
1563355.2,121.09013211385908,25
1618523.55,82.59977032375218,7
1244579.48,59.414491689590434,14
1728034.74,50.55882621164311,30
285978.23,98.71281746612128,12
1041738.45,138.42958918051443,4
886937.29,118.2845521476736,9
180670.11,95.2653947779244,29
951610.57,198.68000461643769,23
603905.57,190.92875599695168,25
846196.52,68.84799602562452,8
907695.0,112.2661140002742,26
1770882.29,147.32704009904162,12
327668.14,160.0236196294905,24
1798111.94,104.95582323642356,27
909344.83,161.94227191030217,7
722834.67,68.62250193660174,29
1054772.89,99.77189378865572,19
893712.24,157.46497636338574,22
589007.39,143.85241853905626,23
1055090.72,175.58153222924824,6
388423.29,57.028553400073264,23
768666.89,76.15875767345727,7
1175001.42,57.27418734079497,9
885475.66,78.8171336373817,4
330602.79,50.64242159494025,6
587771.35,125.63154525182992,30
1942566.0,129.2471593352383,10
1590971.84,148.68376721089922,12
116544.06,107.73686708015651,15
1692459.45,50.4811536027776,22
369997.46,151.08367316114555,18
1100274.17,58.14366316218688,17
422959.19,179.9255646226616,26
1654631.97,53.398098156190606,15
1209908.08,129.5712684884949,24
600553.7,184.2376823578281,28
881540.73,135.87343636831702,21
318853.5,141.2625119815895,2
1171338.57,152.24162725061086,8
1469977.05,68.36132715957005,19
211812.22,151.2390651215839,15
211865.22,182.0532323019223,9
1650212.31,196.1331249252975,11
228301.9,116.45779990375206,3
1073261.65,101.67572775163202,8
591258.64,162.99644233944755,24
1359556.46,131.43114321429718,1
325487.0,88.59569816825457,26
1880397.72,75.82368274545544,11
1799984.31,75.53454508891156,25
453351.4,118.8765554909228,8
714205.18,75.51866084234751,25
1216506.45,52.95784160172287,18
1395839.07,57.8133162454535,26
941046.43,189.48268159294489,2
396953.51,60.94420117402037,24
297887.84,60.97710358714393,9
1999554.14,117.67826683002988,11
965169.03,86.76504235025489,2
1757810.32,194.40407782587465,29
1016514.41,186.64787592467064,20
1852479.51,110.71148730069008,30
266742.83,117.30972791243887,18
316636.46,106.26704796133552,5
283481.71,55.67991749646923,11
339503.24,93.9270258882063,14
697963.15,68.40102044179761,5
774813.29,65.35554950226842,28
959655.45,134.12923594045816,29
890707.19,64.81472865703434,17
461085.91,65.43969856928953,18
1806913.23,122.07705722290228,22
581284.44,116.3423547683958,21
1440017.58,70.6452177698554,2
227595.79,50.66735372132945,16
173627.53,78.94616626517657,24
1342087.9,85.38383812730612,25
744130.13,170.03726654133015,18
1345372.85,187.31575257908224,27
278640.28,110.89165962319548,18
1904717.62,110.75400897514668,12
1522177.49,156.87219256398,14
1764907.74,144.03830235570337,21
359294.05,77.62102800401138,27
708305.84,66.1533683443792,7
799853.91,115.64178359825762,9
835342.69,134.7242544744145,20
664050.12,70.80614047382139,23
215198.41,93.99102401126667,12
800868.92,95.89144946458624,20
583643.7,89.1947301536246,1
833250.45,119.11418994376864,9
474223.13,147.9595376479608,29
597603.11,126.40848254239886,18
1291209.45,80.21848433710163,27
837492.29,65.44085705710997,7
756228.45,173.28056943480505,9
1379569.64,121.89570240766786,30
1566535.03,59.32087762008158,30
819849.12,88.7182249474337,27
1216287.04,170.6050667576232,10
1935784.99,162.75894871603248,25
1407176.17,181.37249493460664,14
1828615.4,140.31317390025382,26
1607977.99,113.43589015370824,26
211565.5,113.9952496331676,14
915287.86,79.10000667394155,10
1426804.97,147.61984422768228,30
1409076.3,137.7603134139281,14
970914.95,73.22966171432539,13
276292.36,182.84943800680625,20
1167817.43,105.27023049658956,29
340471.21,57.460814828160274,4
1527887.16,99.18213811696756,30
1064586.3,180.4785072067364,13
1369458.46,187.54348787926767,1
670723.16,123.55976258894502,10
1295001.23,193.4509910110127,14
1263634.73,181.2862713817964,21
1533683.56,173.7846075648838,17
1700664.5,178.9565097023309,5
898071.6,107.28131182532351,15
169217.37,163.47034111333153,7
903819.1,136.6008504614224,9
800272.83,157.952600261046,22
844763.22,76.6679161371162,25
1331955.6,159.70908676624128,5
898422.71,193.6388651291257,19
457398.03,95.39949835721444,13
744144.89,197.92419859334404,11
1437177.62,106.75640222080564,22
488283.14,79.95852455315493,8
277807.6,66.84293447003576,23
313606.09,167.74428699322667,13
1551999.66,133.22381005648526,3
479610.37,96.06969404930432,24
655391.93,141.26755546906367,26
1946933.34,99.81517817615072,17
1445550.52,117.2536635992688,22
1259991.81,179.39961886296368,5
684494.12,150.22497152887473,11
875799.79,164.36027595570746,11
175094.88,137.52403272043642,23
1484115.55,198.70970733284315,11
182032.93,86.2115099436339,22
109228.94,89.34367410782221,10
1486040.67,63.88384081074993,19
1902860.14,133.10292531060657,7
1537355.79,142.00388546125518,17
996116.36,158.89423593482297,3
1023485.97,100.31688889238916,23
928659.2,51.83852027975408,1
716822.97,144.834430563248,30
1091257.01,199.8043238780574,26
919186.82,94.18240306849889,18
1236518.97,77.59016787035296,28
1806428.15,92.265043673953,25
1990517.89,113.81232121655708,5
249612.25,87.6369393428847,23
830898.6,102.04400380512948,12
443341.77,145.7310107869044,26
769028.9,101.7541980263922,26
848618.52,109.4088417175482,29
431620.55,56.0046894198896,14
1551744.5,187.69137524343049,6
1042948.61,111.03289398722804,4
1846566.61,99.22152740521916,5
161925.64,62.97262943680768,30
227258.22,145.12748230927753,18
866219.81,179.57374253956323,11
252526.91,56.17298000786005,14
599186.23,71.79087010490532,6
1973456.51,71.9584743329311,18
497023.25,140.34122830216893,13
476423.71,188.1845754077553,24
1189917.27,115.66525505982644,1
1046196.75,101.5709672290776,28
1202832.76,164.8761028395037,2
815797.03,161.3853592633477,13
1670848.48,87.01342089158145,11
363303.05,74.1239543461829,22
913946.03,103.67150486230344,20
1410547.51,166.34050883399468,6
1749649.24,154.25950848724676,15
802186.05,149.8780559534308,17
1178716.64,174.4142840244806,14
231365.9,91.56954685120904,1
423606.27,100.9525588204265,6
231362.51,56.3509175913764,16
1482973.69,180.31186637053,8
647313.94,137.36446023832673,17
1475116.05,94.718343782554,5
226156.73,60.41247971740484,23
1738840.82,158.5114254743689,6
1687507.38,162.31062793235918,20
268964.61,149.92679781725337,26
145137.36,80.56714564200942,11
206948.74,186.98240877629075,5
267915.23,162.97370285313144,1
545936.63,148.66344853759554,11
239783.65,147.64158851326812,4
909863.99,185.65365501374612,27
1611498.5,189.24606996456856,30
1028906.77,139.345612701536,30
1292989.66,112.50041164438228,28
1979274.69,104.56009693391243,18
385246.16,172.86182616210837,10
1678337.48,146.69080097515,14
198324.52,61.589904538048046,8
1007532.66,71.32790195225408,26
1784036.17,185.02788426572693,14
1363906.53,182.6747222156752,12
1401907.78,192.7748673046204,21
600302.84,114.17764509924856,12
895292.1,167.60913614610607,11
796504.02,174.23375409714822,7
267710.51,97.35453587572896,3
978233.07,71.80065668407133,2
721106.87,199.553954245876,13
680413.16,54.53288056270249,30
576620.49,139.60038780671644,8
793589.77,147.53184112725634,20
384888.81,152.26840129544723,10
1756998.17,88.34416159536346,10
1244026.84,158.23688664482762,5
354194.21,82.45993449218983,17
1418332.73,174.35573836275236,20
1710566.29,82.86750111269518,11
551317.78,154.50590436141164,16
386141.13,167.51202287509636,15
116372.79,78.34186256932831,9
189775.64,85.69797314489043,21
309618.97,166.86556081015505,17
1975654.03,62.89984574524293,2
185272.61,78.61414286999963,15
1521334.82,118.32963592848728,12
236538.12,189.5272893117156,24
1225052.37,134.28167523395155,10
1536543.04,108.15167723123382,29
782488.35,196.7555333333715,19
120775.97,119.55669593319328,4
1230859.77,115.06024605312231,13
1983364.79,111.74664753315852,27
589473.1,96.82701089101944,8
460033.43,98.85422146063766,22
335459.2,153.1755589894247,24
919660.1,56.12533960128217,21
1233245.69,152.27250884694783,3
1605314.59,80.18067471888092,12
1530839.22,107.63120048067393,11
1795828.84,71.9808458840498,11
989309.88,132.91265661087047,27
569807.46,159.40256674282097,1
1156167.07,103.19833640845472,17
665082.72,74.51248663103945,30
726592.22,83.97583728967632,27
1870694.3,172.71693777883587,19
1395602.22,90.14731025897788,30
385048.0,166.20538895168409,13
892133.82,99.67991102093166,19
1121131.39,78.30988315144438,17
1025519.3,159.09628394411465,2
303845.41,120.281754421281,2
549733.79,54.69158769122096,27
1042413.86,193.99136290165976,6
228011.18,72.1630167608161,11
1869777.67,103.01104646796372,19
335303.0,107.71919524935608,18
476163.42,123.414484888762,16
1554110.33,167.8166033501256,30
284175.63,50.91354195126902,24
875429.69,189.8708077004112,29
1478831.84,146.8984190304517,20
230379.63,192.5973318723404,30
1414509.42,172.6084306124729,19
1300094.23,189.17573271248253,17
1538963.92,140.1500826403517,25
1673575.92,103.59634743157622,27
1464866.07,116.43710946704056,3
1213734.96,148.70484655761692,28
712680.31,114.03977896495044,21
1424819.96,159.75091752016837,27
1918246.01,63.77720241200444,22
1216291.38,174.4979973477333,28
1362255.25,80.62829594630063,9
930543.28,191.5921414287084,6
1536629.54,73.33186999059019,6
1373612.71,69.37462941535968,8
404739.72,171.78141658810893,7
484570.03,172.80527415545214,14
1124931.74,160.8139129821871,6
1014613.25,194.07956958570568,5
163497.22,90.5809443028124,16
193240.69,173.99731084854312,24
868125.27,102.80607950651311,5
1207658.7,130.6097938354011,16
1211863.57,116.8400044551993,20
1348934.53,50.87750340104108,22
1370568.44,136.16932903087366,4
1318939.69,162.12588316459295,23
1601462.0,76.18285753629068,1
1287045.21,189.7483792839556,8
1121264.56,129.55993091277557,10
1251773.21,76.73690047266402,26
292267.4,146.8921356375328,6
869577.28,78.78840627730159,24
715106.59,59.53000224430046,30
1758675.71,152.79728636288633,29
1390197.96,66.60423249582418,10
271775.35,65.93261725646529,3
1225322.41,160.991534477272,7
521302.18,58.28033498121067,24
1494631.46,171.46537685719318,6
1672137.62,169.42231379717413,20
841713.04,71.20901421166491,12
1223588.96,127.75709709154532,24
743323.74,64.49382364534135,19
947875.04,144.88568296789808,18
1741805.87,59.43950194558198,24
1474308.63,191.67212844841208,29
1087531.95,81.15961030543724,11
799641.53,152.43419839229676,16
195721.5,69.24371365656651,19
371714.06,81.43946724901647,25
466747.86,117.6424473325056,15
809428.73,135.96442120122742,12
1893872.93,199.82948605875245,26
1059791.45,53.88893421364162,29
546196.31,50.04716294661304,18
300925.26,102.5550642072422,4
742780.5,104.92345517036298,9
1649888.21,182.5755854147948,14
828351.31,186.8873821545953,22
1567761.03,182.07874645389785,21
309634.26,71.47681257290716,25
310559.46,111.81572527716102,1
1256453.53,161.88277434425348,14
1922282.52,96.89166016763622,22
864062.34,149.48570427658268,30
196793.77,85.5714294786638,5
1854275.11,98.51288869412122,27
310390.3,179.06444740227258,1
1092068.75,87.57635541334926,6
1149280.93,194.64861303272943,26
502308.1,95.93893414052704,24
223322.58,53.5292164734916,30
1047340.07,88.23513557038558,19
164367.81,75.68074133651386,19
1397728.42,126.02404493263246,17
1905942.91,66.907409949179,16
1675385.93,143.90733158681144,16
626676.47,181.2348605834742,9
201317.66,104.37783227056036,26
1886667.68,75.27390789581067,11
1880419.18,110.00374936766195,19
1111589.11,167.89502321759406,21
1320403.08,138.72315111193933,17
978940.12,65.17148199914047,19
897554.2,130.578073149055,2
326952.03,120.21280721833898,10
283830.51,99.06683840317422,14
542191.08,66.52408940799849,12
1689617.42,197.16679034304124,28
377081.37,76.40649798398834,27
530727.44,78.91143361861182,22
1385897.76,71.83740381533538,11
962314.83,135.5289558048407,2
410092.7,116.55043617240506,23
1276934.15,87.4335773039834,27
799377.21,114.41350745322924,15
1289702.64,151.0282776592577,25
1833190.15,92.25507972479453,28
386886.95,187.28686640455703,17
905322.68,95.95193557665588,7
1814730.94,79.72685462342798,1
1675266.41,193.18517703092212,23
1299443.24,171.5840915177269,17
1278278.65,101.47064372651982,5
1314504.05,176.2147776715814,2
1411941.55,127.82213737307,30
131316.18,102.01287473915944,10
1920375.9,175.94173843088214,10
1212647.15,162.82476002966607,19
1584785.09,94.68122639646587,11
816835.49,141.00177728869608,28
123554.71,105.40853352796958,21
1068495.85,50.15779588405822,11
1063661.23,194.2723612100419,8
930279.65,132.44436141092552,26
745462.4,139.76489024986748,18
574669.57,139.98371385159425,28
283004.25,132.5962191229104,11
813028.47,93.50717671603904,1
1942870.58,195.73641873620844,27
428561.88,143.25026187729276,8
707364.58,150.63820408309422,26
658524.89,118.21891359755747,22
1132287.43,93.17921007361738,7
1048632.49,59.6523473262394,23
1323106.88,102.53452948518292,3
1905003.36,76.41461439025882,12
641920.06,149.31324023855177,11
1416265.98,181.8505827204079,20
147576.39,95.41322873684784,17
212614.81,99.932393812107,19
981067.48,150.55467557435173,15
158890.1,72.39071513618545,23
1273571.98,189.4156140016549,5
1388790.16,104.57701715382244,22
1518790.26,65.1799168890162,2
1081491.56,76.20260073809622,3
1247494.86,189.91191140111872,22
852523.98,87.067893255353,5
178380.76,149.34032057469295,24
289908.53,73.42478353073977,4
1344492.26,79.11525385231666,5
1991555.07,181.88573283499665,28
130026.15,72.20498301538427,6
1159408.64,52.81258801044187,28
102154.52,125.18497842894143,11
1670872.17,179.4090219894402,24
1135889.31,98.89865681234372,29
1277840.36,69.22434059685658,4
1423777.4,197.3346244348457,10
1732035.87,151.510794423412,18
332350.12,177.60359479222348,26
1859746.17,162.82074084933856,6
149433.07,154.73634109837852,6
281234.49,107.68461006963804,12
245806.81,98.6509989805459,7
469793.6,157.5437893841711,9
107398.88,157.50695122658453,4
945987.74,192.588257607364,25
735282.53,135.29897267724834,24
415386.53,94.19316586815104,5
957071.31,123.4293198995716,17
864504.68,142.05707250888787,20
1558555.96,114.00946993653687,19
1796947.58,168.66996850393224,30
1339877.78,137.69198183237566,20
336379.74,51.41535914414758,21
661242.51,135.47598323480128,1
1835304.76,145.04056789127912,3
268595.54,187.2891877316106,19
873026.09,112.05825104962828,28
1890758.78,136.17014889070376,12
1906263.2,121.2496176071561,20
881286.04,129.74846427033282,7
1368054.09,60.095610600349474,14
967816.64,184.5925501299652,23
1531575.02,186.56185097474383,20
160004.53,132.2089414763949,4
373898.58,133.48332735814182,27
1266977.73,58.63340539159318,28
541849.3,139.69257696796353,15
1365499.37,114.37276848187436,11
767323.56,156.3565445351656,16
1784626.56,57.06873748933586,25
1656592.83,156.63315240942347,14
1036391.82,93.03407357484708,1
1568500.67,147.7557995679662,3
615161.98,144.06889629681845,25
1039093.58,84.02622269483487,24
475215.9,116.06785178244002,24
1735683.72,175.3449888579987,4
1663828.47,140.8387465392161,6
1814084.37,60.31074529676172,12
1767206.26,116.43632469812444,7
1923232.9,96.76571881668757,12
533838.84,146.2468518367449,17
1870466.15,142.1845911942891,9
1185305.06,51.55971522652108,4
902740.66,141.15432641276945,13
1164710.4,160.2274480977405,22
750944.48,165.3095048602363,19
648250.71,58.84636555849417,10
558497.24,95.54876256648036,10
256613.18,113.19103408272858,18
1043473.3,76.96575616923677,6
1786747.18,113.11008067475149,26
1297288.74,60.66943037383885,27
1089853.7,66.98259245105774,1
914326.54,150.3042144265129,30
982363.09,89.38586917402324,1
497626.96,156.71087712193588,14
1663578.17,57.2162792025002,21
476927.63,134.40545795652542,10
1461583.24,108.71729953802604,7
1543971.52,169.5457087873198,2
1192251.18,167.5927370308343,22
1739560.11,106.3339463686262,2
652995.67,143.40710211315715,15
1775072.72,84.13233032292322,12
1485879.87,137.06102542706304,30
352248.36,62.189704092128366,28
1362701.45,115.19064261779153,25
995890.83,77.40915223071637,22
1986887.84,182.5071773137284,17
898309.42,116.73512269502476,11
1646439.8,138.61606229563023,5
1514701.54,104.05727904950156,30
960453.31,93.31115528597044,12
1331284.8,80.43796745923004,13
849409.27,186.7807374000529,5
1174385.24,169.9198673640429,9
301290.48,69.98917166465463,20
911877.9,162.00873144376976,13
1697322.72,112.77961655549798,18
853450.17,52.30949824408548,7
848759.77,129.2550980564333,3
567363.93,69.50696601272992,27
1034059.64,81.4901469640392,13
1631052.23,154.40614421361397,11
1800811.82,88.57130557117941,9
233217.42,183.7832302762725,20
1192159.39,148.5754637636255,17
987819.4,174.84252273662136,12
1267135.52,142.27843074952762,28
949823.81,180.3274386533024,28
857425.16,104.25270125332251,6
996573.35,132.37108653283696,20
1205798.34,127.38356006665003,30
1051868.1,185.5686062116956,15
997074.46,74.73731129129203,1
185785.98,136.70911447800387,4
1516731.18,163.16467913404705,21
748619.14,105.50746408004906,28
224206.76,180.13722869239646,4
1721936.27,105.95221506166013,17
391635.19,75.99631398438741,15
1258301.96,137.60725331075474,9
642092.79,113.08520150559688,19
1504427.41,52.27851570230068,27
553692.13,60.47578887402548,8
1375666.7,79.2915770309885,2
584736.85,165.39949392772286,11
1071173.15,183.80592740506225,10
164255.58,131.84613110213337,22
824484.32,65.83481937711852,17
1763903.12,130.1628428362769,1
1975194.7,178.34081908954175,11
1762216.61,162.42164436838846,23
415145.46,93.66472455460624,15
1657350.62,68.58359139325367,17
161083.85,185.10225496433645,8
847273.58,178.11331199483166,10
945105.23,58.05730477178387,4
1408629.2,173.55117347368463,3
1112206.81,64.58189566774092,2
836941.65,59.49254501030556,19
1643364.2,163.79013457193892,5
397082.94,130.4465932887437,18
989970.11,112.18220361354784,29
1795720.24,185.5793293964033,21
879788.51,175.89553581016307,18
423743.87,58.64352073205849,4
1321327.15,142.41308629117586,15
1946789.25,165.84011048111876,27
569787.49,132.57358696624283,12
574373.72,197.45082486142823,25
365047.81,152.90712569713224,22
1735070.76,65.6214519045538,9
530155.33,79.74470179999301,5
1301871.93,173.9368431799193,1
1982657.71,199.51350097164504,9
123067.71,64.75089003085846,10
1157323.57,65.04939767675725,20
1073349.18,164.50805812149252,18
1634150.02,59.65314225748094,15
775034.93,60.28401740972712,22
879648.58,183.32247245144936,24
419082.16,170.06747184776765,22
1507548.94,182.23447997965727,27
1590946.93,147.57701031991303,11
359660.31,98.38046329082876,25
847568.44,185.94697854991867,13
1796519.49,94.80852874616475,6
105143.82,91.3266259182274,5
667642.23,182.9600628789157,3
1154580.34,152.12338887398118,29
734778.33,184.3508127063864,6
616885.86,73.38519338809586,26
974071.22,192.8445196648447,24
444893.91,141.91132350504904,14
1106287.96,150.20525661401416,28
1442722.25,187.10908704896767,28
369548.6,107.1129462041943,28
276907.73,157.93624920437932,15
1704376.37,146.0510931686726,9
432457.89,168.16290782989404,2
1553142.8,184.5414187749961,26
785073.71,152.0091283145142,27
403025.25,60.14593317545965,17
491918.52,77.47105187746703,3
454658.0,193.0967273400626,25
1044349.11,195.29757100658392,9
162578.43,195.1119970547544,17
410329.45,55.51991006001769,20
1475623.28,107.36722519241276,5
1691028.61,163.9509055981994,2
253492.19,162.93287054867463,3
1775947.65,62.88633574249378,29
1615282.69,141.42333306342783,29
1752400.16,71.43044278112862,13
1427014.25,123.981399930169,13
1380890.83,85.95285512616823,13
1097677.14,57.97417576020915,11
1340295.73,62.00291382899144,17
1846308.36,186.63394245948624,11
290991.8,161.6968946302301,19
699952.51,189.77359726594256,12
237664.45,120.4984898500329,19
1895129.83,111.99387484292065,29
946004.39,103.76109387531434,7
1383154.49,142.44606440781348,2
1698128.12,102.73390804570003,16
1982900.47,161.94098509730094,4
407386.67,170.19759893237932,7
806177.17,181.3766890144072,24
1786103.51,86.4201395367916,13
192863.22,129.0533073938563,17
1532772.06,83.51669250947583,24
773978.11,55.63337351305117,4
1332333.9,156.17379562547563,15
1076691.57,132.3471910902687,2
593510.28,158.58909193296256,15
356920.59,63.143436710980566,7
322199.74,199.3289268592913,28
296313.43,199.1522850420548,8
1311801.08,119.74997382552692,7
767680.62,179.9088072775754,1
511603.53,86.53528337083353,4
1414581.68,160.63492418349455,7
1405014.17,181.88387852203488,7
1124419.76,172.19993991211678,23
1876419.85,171.76611173617363,27
832287.04,119.45399481332976,26
904498.14,172.99849216681594,29
242764.88,153.6057219531951,27
1505679.08,69.86770972163066,14
1978050.09,67.12766060967802,12
1708536.61,165.78832039019596,20
1201362.97,143.81961331593857,10
1290855.52,127.9064175787066,19
771250.14,186.08926862732423,30
1391021.91,148.93855353068278,6
1563751.23,109.42201176324502,24
1996634.11,112.08977122642756,29
1035679.54,140.78665412263774,17
216477.72,164.04129270295226,11
1232130.11,134.6529960423686,8
326145.88,126.31413233287697,6
565053.58,159.03510539812726,10
724681.83,155.78968248605543,23
1488956.76,174.55202609203417,16
449235.44,59.38276794159416,7
414930.6,163.24281981229683,17
185432.06,127.0640676427535,25
1256434.4,61.20396800497278,1
1417660.31,151.85150422542796,1
175898.28,157.48102910029144,29
153755.38,128.54407543170265,23
1161481.16,169.06984664746443,18
636815.36,95.03721629439522,28
1233780.07,80.28608277971541,18
925747.93,102.61009276149176,16
1854293.87,111.50757699439664,7
646837.13,154.39004036032532,25
1390376.2,176.82799068173415,23
202703.19,158.13772851180147,9
1916135.01,76.09813386044023,23
886054.71,104.93256272003862,22
1504241.8,73.7620570171667,3
983903.7,153.0086299337077,5
517987.53,87.22578173253412,18
1643781.05,128.80803992777703,19
1499072.78,168.77447647920263,20
954274.92,150.64089123824226,12
957309.06,94.7560985997699,26
979317.98,99.93001259245112,14
1670180.04,148.00464299045478,7
1399304.9,132.4201624009916,4
1322018.33,64.45902312050666,27
1334672.1,181.098738391032,22
613893.15,126.8919872080443,14
806251.39,121.0041519796198,7
186758.34,79.76590049483934,3
1595188.16,106.5490728455806,5
922696.61,99.92372934726488,4
932652.88,90.61035242441405,16
566176.9,135.11098619701596,6
497911.83,119.34130404204232,4
1216861.67,183.3796527972001,9
541850.73,191.2015965570741,21
221996.82,82.92101438421363,15
1558264.09,65.01581431508157,5
815291.93,167.8006327231624,23
822447.61,199.2292105457913,15
919504.73,179.54001047812312,6
1648585.16,53.55461031781021,21
709590.1,87.6895326059699,30
1540268.8,56.50134155618959,17
1885135.2,173.11690655617497,5
1355649.57,137.2110464438475,10
920194.05,127.05778117505808,18
1520800.47,133.16748229947913,30
970005.0,87.86768880448867,28
887411.82,140.24575537082944,28
1098038.01,54.600046769604496,25
703672.44,146.90175859562595,18
298075.41,160.16507452682464,20
888218.81,150.95393955677406,23
335328.07,99.81762774683304,22
879838.8,173.93943726913142,20
1158174.07,157.3315995676223,5
1868351.24,69.24459843864167,27
168822.43,79.27163308074725,1
1280770.97,145.5662619767358,13
969696.85,93.41242003340392,14
138496.14,67.91494121693555,30
574141.53,73.24534897248384,3
325121.98,74.8425770810601,15
977079.43,121.66863602275733,11
621683.46,141.1078180144246,3
862482.04,76.46034122816224,7
958969.02,156.87449155448317,13
101880.99,92.15189112522928,28
407551.79,96.73372075909413,12
277776.13,83.52479316111614,27
1144379.46,167.78092039147865,23
725242.25,193.9720749405316,25
1141955.7,123.87497730171393,26
521464.27,56.30459621479883,22
146035.77,89.08539746382138,23
1352762.37,73.70754366782691,5
305785.43,176.41434272780268,22
341031.62,62.72809811498077,2
378438.97,194.9714361032576,23
1422388.47,138.2770664936939,20
1273554.46,127.66096806112448,23
1259550.91,177.10259336287805,20
1974726.58,54.13214319371842,12
268033.66,166.57291241105145,12
1951551.7,67.49060683527748,18
487624.98,176.11671484106483,15
1283835.86,129.37643288567926,11
898158.77,59.16941035401377,15
829508.45,174.98675582019865,17
1869362.32,54.09711756068775,8
383532.68,70.75560393404052,20
1268391.69,169.67367857399432,10
820337.62,119.73066857868363,9
1332672.32,182.20830565322507,13
1939022.79,145.31439091866253,4
209442.0,143.5293131555612,19
1853442.29,93.83526591980224,23
1178841.63,70.05207853276004,29
1438354.07,194.1758586345024,9
383449.95,65.71965337150928,17
1113436.12,129.35159001103514,16
1379676.06,90.88528862521704,22
966869.88,89.62109953721821,19
394471.84,139.18793289542197,25
563826.24,169.69011757683035,26
1723346.3,166.57692242469182,4
165494.89,180.32025337903303,11
1446837.95,93.93541068685506,20
1998841.07,119.86270725726106,17
114217.69,51.40018598300375,15
405986.8,162.02864347045482,6
1380874.17,95.35146682134246,18
213982.59,134.22402999052798,23
1220600.97,75.3950423029176,2
1399600.2,172.90992607014928,18
1217478.06,172.59083289174168,28
793850.94,181.61793721294333,18
1424836.36,56.89054956600842,29
1229159.41,198.86880646625207,11
814728.92,87.16691216595419,1
1169957.53,96.41505290710242,21
817036.17,87.40035937856692,7
1366983.24,90.12990475497986,1
996403.86,132.899203415547,6
711009.8,85.97158164556694,29
263183.8,109.0656967100607,24
564791.55,148.3409873664823,9
121254.83,175.403930536659,18
1974589.24,153.91122504003192,11
522716.28,139.14842671809848,6
837952.45,72.1592843811603,30
420425.28,172.41734023119238,25
1321990.93,55.591233198955806,11
894726.91,89.62874948529532,11
716370.76,58.558837539794176,25
1616866.54,150.1143463376694,14
1919617.48,105.25566238902718,12
1763059.52,147.80727248073,12
391797.95,102.05464389553856,14
455962.21,118.36110961992412,16
381099.14,118.69415152492712,2
1835424.1,56.83709805013169,15
1083969.29,114.53397895190054,14
739124.07,146.1596544672804,9
398348.44,131.9078369113151,11
122437.27,61.29256494174309,13
571099.28,150.20839785301234,11
1836638.12,96.32941323728916,28
1614798.17,52.16522041685332,16
1942608.04,73.33933356263678,16
291446.89,124.63394859748392,8
1225139.61,96.56024885451028,28
588585.9,154.15745206303262,1
1131589.24,86.09802133486467,17
708864.28,165.91942527127532,6
638584.55,92.971577209097,24
1190306.07,143.12955613766235,12
448304.51,169.882457037677,9
991353.53,107.83341929656234,2
1336543.3,57.02074127232057,24
343545.94,130.31682815883215,12
1868129.11,199.31135923167503,8
1060876.93,195.34877995653704,26
243737.64,83.15332909162524,1
1342420.32,163.35447641363783,15
1449001.79,101.7427747730099,5
1460648.79,74.04087202746372,4
236004.44,149.88720509037398,1
1265850.33,125.13030942901534,6
628612.59,130.8845836483516,29
289068.32,174.10889933532627,14
1251876.18,100.48155138311348,30
226070.33,150.06421393334944,9
558457.56,104.9287200443938,23
215343.65,56.40858448706438,3
1142886.42,106.70226610045232,4
404642.44,192.5051694806202,1
1259773.91,122.48937231326256,27
1602643.75,66.23456552553023,21
1661573.37,153.1740244064339,23
688132.67,194.50690245777812,28
945446.43,186.19178698163856,10
818152.8,135.7941256712208,22
998485.65,106.44211165227968,16
1344716.39,137.10165027638607,17
499165.54,172.38965932988742,20
1960562.16,179.1856013027681,15
286351.67,172.82658274136617,1
